category,title,expression,commentary
"量子力学","量子ビットのブロッホ球表示","\ket{\psi} = e^{i \delta} \rbk{\cos \frac{\theta}{2} \ket{\uparrow} + \sin \frac{\theta}{2} e^{i \phi} \ket{\downarrow}}.","量子ビットの状態を半径1の単位球面上の点として表したモデル."
"量子力学","CHSH不等式","\begin{aligned}-2 \leq \physmean{\sigma_{yA} \sigma_{y'B}} - \physmean{\sigma_{yA} \sigma_{z'B}} + \physmean{\sigma_{zA} \sigma_{y'B}} + \physmean{\sigma_{zA} \sigma_{z'B}} \leq 2.\end{aligned}","ベルの不等式の一形態. Clause, Horne, Shimony, Holtらによる."
"量子力学","チレルソン不等式","\begin{aligned}-2 \sqrt{2} \leq \physmean{\sigma_{yA} \sigma_{y'B}} - \physmean{\sigma_{yA} \sigma_{z'B}} + \physmean{\sigma_{zA} \sigma_{y'B}} + \physmean{\sigma_{zA} \sigma_{z'B}} \leq 2 \sqrt{2}. \end{aligned}","量子限界を表す不等式の一つ. チレルソン限界ともいう."
"量子力学","パウリ行列","\begin{aligned}\sigma_x = \begin{pmatrix}0 & 1 \\ 1 & 0 \end{pmatrix}, \quad\sigma_y = \begin{pmatrix} 0 & -i \\ i & 0 \end{pmatrix}, \quad\sigma_z = \begin{pmatrix} 1 & 0 \\ 0 & -1 \end{pmatrix}. \end{aligned}","電子のスピンを表す行列. 自己共役かつユニタリでいろいろな関係式をみたす."
"量子力学","パウリ行列の交換関係","\begin{aligned}\sqbk{\frac{\sigma_x}{2}, \frac{\sigma_y}{2}} = i \frac{\sigma_z}{2}, \quad \sqbk{\frac{\sigma_y}{2}, \frac{\sigma_z}{2}} = i \frac{\sigma_x}{2}, \quad \sqbk{\frac{\sigma_z}{2}, \frac{\sigma_x}{2}} = i \frac{\sigma_y}{2}.\end{aligned}","直接計算による."
"量子力学","スピン角運動量作用素","\begin{gather}S_a = \frac{\hbar}{2} \sigma_a, \\ \sqbk{S_x,S_y} = i \hbar S_z, \quad \sqbk{S_y,S_z} = i \hbar S_x, \quad \sqbk{S_z,S_x} = i \hbar S_y.\end{gather}","パウリ行列を使って定義する. 係数を除いてパウリ行列と同じ交換関係をみたす."
"量子力学","角運動量作用素","\begin{aligned}\sqbk{J_x,J_y} = i \hbar J_z, \quad \sqbk{J_y,J_z} = i \hbar J_x, \quad \sqbk{J_z,J_x} = i \hbar J_y.\end{aligned}","抽象的な角運動量作用素."
"量子力学","全角運動量作用素","\begin{aligned}J^2 &= J_x^2 + J_y^2 + J_z^2, \\ \sqbk{J_a, J^2} &= 0, \\ J^2 \ket{j,m} &= j(j+1) \hbar^2 \ket{j,m}, \\ J_z \ket{j,m} &= m \hbar \ket{j,m}.\end{aligned}","全角運動量作用素とz成分の同時固有値・固有ベクトルが重要."
"量子力学","角運動量作用素の昇降作用素","\begin{gather}J_{\pm} = J_x \pm i J_y, \\ \sqbk{J_z, J_{+}} = \hbar J_{+}, \quad \sqbk{J_z, J_{-}} = - \hbar J_{-}, \\ J_{\pm} J_{\mp} = J^2 - J_z^2 \pm \hbar J_z, \\ J_{\pm} \ket{j,m} = \sqrt{j(j+1) - m(m \pm 1)} \hbar \ket{j,m \pm 1}.\end{gather}","角運動量の昇降作用素に対するいくつかの基本的な関係式."
"量子力学","N準位系のブロッホ表現","\begin{aligned}\rho = \frac{1}{N} \rbk{1 + \sum_{n=1}^{N^2-1} \physmean{\lambda_n} \lambda_n}. \end{aligned}","この密度行列は量子トモグラフィ, つまりラムダに対する実験データから決められる."
"量子力学","ボルン則","\begin{aligned}p(\Lambda = \lambda) = \Tr{\rho P(\lambda)}.\end{aligned}","ある値が観測される確率の定式化."
"量子力学","合成系でのボルン則","\begin{aligned}p \rbk{\sigma_A=s, \sigma_B=s'} = \TrSuff{AB}{\rho_{AB} \rbk{P_A(s) \otimes P_B(s')}}.\end{aligned}","合成系の密度演算子から物理量の確率分布が与えられる."
"量子力学","合成系の分離可能状態","\begin{aligned} \rho_{AB} = \sum_{\mu} p_\mu \rho_A(\mu) \otimes \rho_B(\mu). \end{aligned}","直積状態の凸結合を分離可能状態と呼ぶ."
"量子力学","二準位スピン系のベル状態の例","\begin{aligned}\ket{\Phi_{-}}_{AB} = \frac{1}{\sqrt{2}} \rbk{\ket{+}_A \ket{-}_B - \ket{-}_A \ket{+}_B}.\end{aligned}","二準位系での最大量子もつれ状態の一つ."
"量子力学","エンタングルメントエントロピー","\begin{aligned}S_{EE}(A \colon B) &= - \sum_{n=1}^{N_A} p_n \log p_n \\ &= - \TrSuff{A}{\rho_A \log \rho_A} \\ &= - \TrSuff{B}{\rho_B \log \rho_B}.\end{aligned}","後半の式はフォン・ノイマンエントロピーと呼ばれる."
"量子力学","TPCP写像","\begin{aligned}\rbk{\Gamma \otimes \id} \rbk{\rho_{SA}} \geq 0, \quad \Trace_{SA} \circ \rbk{\Gamma \otimes \id} = \Trace_{SA}.\end{aligned}","トレース保存完全正値写像の略. 第一式がトレース保存, 第二式が完全正値性を表す. あくまで数学的な概念で物理特有の数学的対象ではない."
"量子力学","シュタインスプリング表現","\begin{aligned}\Gamma \sqbk{\rho} = \TrSuff{A}{U_{SA} \rbk{\rho \otimes \ket{0} \bra{0}} \adjoint{U_{SA}}}.\end{aligned}","あらゆる物理操作はアフィン性・トレース保存性・完全正値性を持つCPTP写像で記述される. 対象系S上のCPTP写像に対して上式をみたす補助系Aと合成系SA上のユニタリ作用素が存在する."
"量子力学","クラウス表現","\begin{aligned}\Gamma \sqbk{\rho} = \sum_{\alpha} K_{\alpha} \rho_\alpha \adjoint{K_{\alpha}}, \quad \sum_{\alpha} \adjoint{K_\alpha} K_{\alpha} = 1.\end{aligned}","TPCP写像の別表現."
"量子力学","時間順序積","\begin{aligned}\mathrm{T} \myexp{\int_0^t A(s) \ds} = 1 + \sum_{n=1}^{\infty} \int_0^{t} \dt_1 \int_{0}^{t_1} \dt_2 \cdots \int_{0}^{t_{n-1}} A(t_1) \cdots A(t_n) \dt_n.\end{aligned}","時間に依存した行列値写像を生成子とした時間発展を記述する."
"量子力学","基底エネルギー","\begin{aligned}E_0(H) = \inf \spectrum{H}.\end{aligned}","ハミルトニアンのスペクトルの下限を基底エネルギーと呼ぶ."
"量子力学","対称性と保存則","\begin{aligned}\sqbk{H,Q} = 0.\end{aligned}","保存則の生成子とハミルトニアンは交換する."
"量子力学","測定作用素","\begin{aligned}M(m) = \bra{m}_D U_{SD} \ket{0}_D.\end{aligned}","量子測定の理論で現れる."
"量子力学","ロバートソンの不等式","\begin{aligned}\Delta A \Delta B \geq \frac{1}{2} \abs{\Tr{\rho \sqbk{A,B}}}.\end{aligned}","不確定性関係を表す不等式の一つ."
"量子力学","小澤の不等式","\begin{aligned}\ep(A) \eta(B) + \ep(A) \Delta B + \Delta A \eta(B) \geq \frac{1}{2} \abs{\Tr{\rho \sqbk{A,B}}}.\end{aligned}","アインシュタイン-ポドルスキー-ローゼン(EPR)による有名な議論への反証に使われたことで有名."
"量子力学","生成・消滅作用素","\begin{aligned}\adjoint{a} \ket{n} &= \sqrt{n+1} \ket{n+1}, \\ a \ket{n} &= \sqrt{n} \ket{n-1}, \\ \sqbk{a, \adjoint{a}} &= 1, \\ \ket{n} &= \frac{1}{\sqrt{n!}} \rbk{\adjoint{a}}^n \ket{0}.\end{aligned}","量子力学ではエネルギー準位に対応する固有状態の操作にあたる."
"量子力学","個数作用素","\begin{aligned}N &= \adjoint{a}a, \\ N \ket{n} &= n \ket{n}.\end{aligned}","場の量子論の数学的処理でも基本的な役割を果たす."
"量子力学","正準交換関係","\begin{aligned}\sqbk{x_k,p_l} = x_k p_l - p_l x_k = i \hbar \delta_{kl}.\end{aligned}","量子力学的粒子の位置・運動量に対応する演算子の代数的な関係."
"量子力学","ディラックのデルタ関数","\begin{aligned}\int_{\bbRd} f(x) \delta(x - x_0) \dx = f(x_0).\end{aligned}","量子力学にかかわらず物理でよく使われる."
"量子力学","抽象的なシュレディンガー方程式","\begin{aligned}i \hbar \frac{\partial \psi}{\partial t} = H \psi.\end{aligned}","一般的なハミルトニアンに対するシュレディンガー方程式."
"量子力学","一体問題のシュレディンガー方程式","\begin{aligned}i \hbar \frac{\partial}{\partial t} \psi(\vectorr,t) = - \frac{\hbar^2}{2m} \mylaplacian \psi(\vectorr,t) + V(\vectorr,t) \psi(\vectorr,t).\end{aligned}","あるポテンシャルの支配下にある粒子のシュレディンガー方程式."
"量子力学","ハイゼンベルク方程式","\begin{aligned}i \hbar \frac{d x_k(t)}{dt} &= \sqbk{x_k(t),H}, \\i \hbar \frac{d p_k(t)}{dt} &= \sqbk{p_k(t),H}.\end{aligned}","演算子が時間発展すると考えたときの基本方程式. 場の量子論でよく使われる."
"量子力学","クライン-ゴルドン方程式","\begin{aligned}- \hbar^2 \frac{\partial^2 \psi}{\partial t^2} = - \hbar^2 c^2 \mylaplacian \psi + m^2 c^2 \psi.\end{aligned}","相対性理論的な量子力学的粒子の基本方程式として考案された. 形式的に同じ形の場の量子論版がある."
"量子力学","ディラック方程式","\begin{aligned}i \hbar \frac{\partial \psi}{\partial t} = i \hbar c \vectoralpha \cdot \nabla \psi - mc^2 \beta \psi.\end{aligned}","クライン-ゴルドン方程式の問題を避けるべく同方程式を因数分解して得られた方程式. 形式的に同じ形の場の量子論版がある."
"量子力学","調和振動子のハミルトニアンとエネルギー固有値","\begin{aligned}H &= \frac{\hbar \omega}{2} (\adjoint{a}a + a \adjoint{a}) = \hbar \omega \rbk{\adjoint{a}a + \frac{1}{2}} \\ &= \frac{1}{2m} p^2 + \frac{m \omega^2}{2} x^2, \\ E &= \hbar \omega \rbk{n + \frac{1}{2}}.\end{aligned}","生成・消滅作用素表記と位置・運動量作用素両方の表記を掲載."
"量子力学","調和振動子のシュレディンガー方程式","\begin{aligned}i \hbar \frac{\partial}{\partial t} \ket{\psi(t)} = \rbk{\frac{1}{2m} p^2 + \frac{m \omega^2}{2} x^2} \ket{\psi(t)}.\end{aligned}","ハミルトニアンを調和振動子にしたシュレディンガー方程式."
"量子力学","調和振動子の伝播関数","\begin{gather}i \hbar \frac{\partial}{\partial t} K(t;x,y) = \rbk{- \frac{\hbar^2}{2m} \frac{\partial^2}{\partial x^2} + \frac{m \omega^2}{2} x^2} K(t; x,y), \\ K(t; x,y) = \sqrt{\frac{m \omega}{\twopii \hbar \sin \omega t}} \myexp{\frac{i m \omega}{2 \hbar \sin \omega t} \rbk{\rbk{x^2+ y^2} \cos \omega t + xy}}\end{gather}","伝播関数はさらに一般的に定義でき, 場の量子論の計算でも重要."
"量子力学","自由粒子のシュレディンガー方程式","\begin{aligned}i \hbar \frac{\partial}{\partial t} \psi(\vectorr, t) = - \frac{\hbar^2}{2m} \mylaplacian \psi(\vectorr, t).\end{aligned}","ハミルトニアンを自由粒子にしたシュレディンガー方程式."
"量子力学","自由粒子の伝播関数","\begin{aligned}K_0(t;x,y) = \sqrt{\frac{m} {\twopii \hbar t}} \myexp{\frac{i m}{2 \hbar t} \rbk{x - y}^2}\end{aligned}","場の量子論でも基本的で重要な対象."
"量子力学","クレプシュ-ゴルダン係数","\begin{aligned}\ket{J,M} = \sum_{m=-l}^l \sum_{s_z = -s}^s C_{m s_z}^{JM} \ket{l,m} \ket{s,s_z}.\end{aligned}","スピン系の角運動量の合成に関わる展開係数."
"量子力学","$J=0$をみたす二準位スピンの一重項状態","\begin{aligned}\ket{\Phi_{-}}_{AB} = \frac{\ket{+-} - \ket{-+}} {\sqrt{2}}.\end{aligned}","J=0の空間回転の既約表現でもある."
"量子力学","二準位スピンの三重項状態","\begin{aligned}\ket{\Phi_{+}}_{AB} = \frac{\ket{+-} + \ket{-+}}{\sqrt{2}}.\end{aligned}","$J=1$をみたす空間回転の規約表現でもある."
"量子力学","軌道角運動量作用素","\begin{aligned}L_x = yp_z - zp_y, \quad L_y = zp_x - xp_z, \quad L_z = xp_y - yp_x.\end{aligned}","古典力学の角運動量を素直に量子化した."
"量子力学","軌道角運動量作用素のもとでの球面調和関数","\begin{aligned}\begin{cases}L^2 Y_{lm} &= l(l+1) \hbar^2 Y_{lm}, \\ L_z Y_{lm} &= m \hbar Y_{lm}, \end{cases}\quad l \in \bbN, \quad m = -l,-l+1, \cdots, l-1,l.\end{aligned}","角運動量の議論の基礎."
"量子力学","球面上のラプラシアンと球面調和関数","\begin{aligned}L^2 &= - \hbar^2 \mylaplacian_{\theta \phi} = - \hbar^2 \rbk{\frac{1}{\sin \theta} \frac{\partial}{\partial \theta} \sin \theta \frac{\partial}{\partial \theta} + \frac{1}{\sin^2 \theta} \frac{\partial^2}{\partial \phi^2}}, \\ L_z &= - i \hbar \frac{\partial}{\partial \phi}.\end{aligned}","球対称なハミルトニアンの研究の基礎."
"場の量子論","場の変分原理","\begin{gather}\delta \int \calL \rbk{\phi(\vectorr,t), \grad \, \phi(\vectorr,t), \frac{\partial}{\partial t} \phi(\vectorr,t)} \opd^3x \, cdt = 0, \\ \delta \int \calL \rbk{\phi(x), \partial \phi(x)} \opd^4x = 0.\end{gather}","相対性理論的な場の変分原理. 第二式は省略記法."
"場の量子論","場の方程式","\begin{aligned}\frac{\partial \calL}{\partial \phi} - \frac{\partial}{\partial t} \frac{\partial \calL}{\partial \frac{\partial \phi}{\partial t}} - \divergence \frac{\partial \calL}{\partial (\grad \, \phi)} = 0.\end{aligned}","場の変分原理から得られる場の運動方程式."
"場の量子論","場の交換関係・反交換関係","\begin{aligned}[\phi(\vectorx,t), \adjoint{\phi}(\vectory,t)] &= \phi(\vectorx,t) \adjoint{\phi}(\vectory,t)- \adjoint{\phi}(\vectory,t) \phi(\vectorx,t) \\ &= \hbar \delta(\vectorx - \vectory), \\ [\psi(\vectorx, t), \adjoint{\psi}(\vectory,t)] &= \psi(\vectorx,t) \adjoint{\psi}(\vectory,t) - \adjoint{\psi}(\vectory,t) \psi(\vectorx,t) \\ &= \hbar \delta(\vectorx - \vectory).\end{aligned}","同時刻での場の交換関係・反交換関係."
"素粒子","ワインバーグ-サラム理論のラグランジアン密度","\begin{aligned}\calL_{WS} &= - \frac{1}{4} F_{\mu\nu} F^{\mu\nu} - \frac{1}{4} G_{\mu\nu} G^{\mu\nu} \\ &\quad + \conj{\ell_e} i \gamma^\mu \rbk{\partial_\mu + i g \vectorW_{\mu} \cdot \vectort + \frac{i}{2} g'yB_\mu} \ell_e.\end{aligned}","電磁相互作用を弱い相互作用を含むように拡張したラグランジアン密度."
"素粒子","ヒッグス粒子のラグランジアン密度","\begin{aligned}\calL_H = \frac{1}{2} (gv)^2 W_\mu^{+} W^{-\mu} + \frac{1}{4} v^2 (g W_{\mu}^3 - g' B_\mu)^2.\end{aligned}","ワインバーグ-サラム理論のラグランジアン密度を変数変換で変換して導かれた場が記述するヒッグス粒子の方程式を求めるためのラグランジアン密度."
"素粒子","小林-益川理論のクォーク世代間混合式","\begin{aligned}\begin{pmatrix}d' \\ s' \\ b'\end{pmatrix} = \begin{pmatrix}c_1 & s_1 c_2 & s_1 s_2 \\  -s_1 c_3 & c_1c_2c_3 - s_2 s_3 e^{-i \delta} & c_1s_2c_3 + c_2s_3 e^{-i \delta} \\ -s_1 s_3 & c_1c_2s_3 + s_2 c_3 e^{-i \delta} & c_1s_2s_3 - c_2c_3 e^{-i \delta}\end{pmatrix} \begin{pmatrix}d \\ s \\ b\end{pmatrix}.\end{aligned}","弱い相互作用の時間反転対称性の破れを説明する小林-益川理論の相互作用を規定する."
"素粒子","繰り込み群の方程式","\begin{aligned}x \frac{\partial}{\partial x} G(x,g) - \beta(g) \frac{\partial}{\partial g} G(x,g) = 0.\end{aligned}","パラメーターとしての質量定数や相互作用定数を変化させた場の量の不変性を表す."
"素粒子","ワインバーグ-サラム理論でのワインバーグ角","\begin{aligned}\sin^2 \theta_W = \frac{3}{8} \rbk{1 - \frac{\alpha}{4 \pi} \frac{110}{9} \log \frac{M_X^2}{Q^2}}.\end{aligned}","荷電中間ゲージ場の相互作用定数をまとめた角度パラメーター."
"相対性理論","宇宙物理・天文学でのミンコフスキー計量","\begin{aligned}ds^2 = -(cdt)^2 + (dx)^2 + (dy)^2 + (dz)^2.\end{aligned}","宇宙物理・天文学と素粒子・高エネルギー物理で慣習が違う."
"相対性理論","宇宙物理・天文学でのミンコフスキー計量テンソル","\begin{aligned}&g^{00} = 1, \quad g^{11} = g^{22} = g^{33} = -1, \quad (\text{otherwise} = 0), \\ &g = \begin{pmatrix} 1 &  0 &  0 &  0 \\ 0 & -1 &  0 &  0 \\ 0 &  0 & -1 &  0 \\ 0 &  0 &  0 & -1\end{pmatrix}.\end{aligned}","一般の時空の計量を区別するためにミンコフスキー計量は$\eta$を使う場合がある."
"相対性理論","素粒子・高エネルギー物理でのミンコフスキー計量","\begin{aligned}ds^2 = (cdt)^2 - (dx)^2 - (dy)^2 - (dz)^2.\end{aligned}","宇宙物理・天文学と素粒子・高エネルギー物理で慣習が違う."
"相対性理論","素粒子・高エネルギー物理でのミンコフスキー計量テンソル","\begin{aligned}&g^{00} = -1, \quad g^{11} = g^{22} = g^{33} = 1, \quad (\text{otherwise} = 0), \\ &g = \begin{pmatrix} -1 &  0 &  0 &  0 \\ 0 & 1 &  0 &  0 \\ 0 &  0 & 1 &  0 \\ 0 &  0 &  0 & 1\end{pmatrix}.\end{aligned}","一般の時空の計量を区別するためにミンコフスキー計量は$\eta$を使う場合がある."
"相対性理論","真空中の光速","\begin{aligned}c = 299,792,458 \, \mathrm{m/s} \simeq 3 \times 10^8 \, \mathrm{m/s}.\end{aligned}","2022/8時点では定義値."
"相対性理論","四元ベクトル","\begin{aligned}dx^{\mu} \colon dx^0 = cdt, \quad dx^1 = dx, \quad dx^2 = dy, \quad dx^3 = dz.\end{aligned}","現代では標準的."
"相対性理論","ミンコフスキー計量による世界間隔の表示","\begin{aligned}ds^2 = g_{\mu \nu} dx^{\mu} dx^{\nu}.\end{aligned}","アインシュタインの規約を使っている."
"相対性理論","各軸まわりの三次元空間回転を表す行列","\begin{aligned}R_x(\theta) &= \begin{pmatrix}1 & 0 & 0 \\ 0 & \cos\theta & \sin\theta \\ 0 & -\sin\theta & \cos\theta\end{pmatrix}, \\ R_y(\theta) &= \begin{pmatrix}\cos\theta & 0 & -\sin\theta \\ 0 & 1 & 0 \\ \sin\theta & 0 & \cos\theta \end{pmatrix}, \\ R_z(\theta) &= \begin{pmatrix}\cos\theta & \sin\theta & 0 \\ - \sin\theta & \cos\theta & 0 \\ 0 & 0 & 1\end{pmatrix}, \\ R_x(\theta) &= R_z \rbkfrac{\pi}{2} R_y(\theta) R_z \rbkfrac{-\pi}{2}.\end{aligned}","最後の式によって三つの回転は独立ではない."
"相対性理論","ある三次元ベクトルを軸とした回転行列","\begin{aligned}\vectorn &= (\sin\theta \cos\phi, \sin\theta \sin\phi, \cos\theta), \\ R_{\vectorn} &= R_y(\theta) R_z(\phi), \\ R_{\vectorn} (\Theta) &= \inv{R_{\vectorn}} R_z(\Theta) R_{\vectorn}.\end{aligned}","一度方向ベクトルを$z$軸に向けておき, それを$z$軸周りに回転させてさらに戻す."
"相対性理論","ローレンツ変換の定義","\begin{aligned}\transpose{\Lambda} g \Lambda.\end{aligned}","この$g$はミンコフスキー計量."
"相対性理論","よく見かけるローレンツ変換","\begin{aligned}x' &= \frac{x-vt}{\sqrt{1 - \frac{v^2}{c^2}}}, \\ y' &= y, \\ z' &= z, \\ t' &= \frac{ct- \frac{v}{c}x}{\sqrt{1 - \frac{v^2}{c^2}}}.\end{aligned}","四次元時空座標の変換."
"相対性理論","$x$軸方向へのローレンツブースト","\begin{aligned}ct' &= \gamma (ct + \beta x), \quad dx' = \gamma (dx + \beta \, ct), \\ ct  &= \gamma (ct'- \beta x'), \quad dx = \gamma (dx' - \beta \, ct'), \\ \Lambda &= \begin{pmatrix} \gamma & \gamma \beta & 0 & 0 \\ \gamma \beta & \gamma & 0 & 0 \\ 0 & 0 & 1 & 0 \\ 0 & 0 & 0 & 1\end{pmatrix}, \quad \gamma = \frac{1}{\sqrt{1-\beta^2}}, \quad \beta = \frac{v}{c}.\end{aligned}","基本的で有名な式."
"相対性理論","相対論的な速度の合成則","\begin{aligned}v_2 = \frac{v_1+v}{1 + \frac{vv_1}{c^2}}.\end{aligned}","$c \to \infty$で非相対論的な速度の合成則が復元できる."
"相対性理論","ローレンツ収縮","\begin{align}l = l_0 \sqrt{1 - \beta^2}, \quad \beta = \frac{v}{c}.\end{align}","慣性系$I$に対して相対速度$v$で動く慣性系$I'$で長さ$l_0$の棒を$I$で観測したときの棒の長さ."
"相対性理論","時間の遅れ: 双子のパラドクス","\begin{align}c \Delta t' = c \Delta t \sqrt{1 - \beta^2}, \quad \beta = \frac{v}{c}.\end{align}","地球$I$に対して相対速度$v$で動くロケット$I'$で固定された時計の挙動."
"相対性理論","青方偏移","\begin{align}\omega' = \omega \sqrt{\frac{1 + \beta}{1 - \beta}}, \quad \lambda' = \lambda \sqrt{\frac{1-\beta}{1+\beta}}.\end{align}","光源$I$が速度$v$で近付いてくるときの$I'$での振動数と波長."
"相対性理論","赤方偏移","\begin{align}\omega' = \omega \sqrt{\frac{1 - \abs{\beta}}{1 + \abs{\beta}}}, \quad \lambda' = \lambda \sqrt{\frac{1+\abs{\beta}}{1-\abs{\beta}}}.\end{align}","光源$I$が速度$v$で近付いてくるときの$I'$での振動数と波長."
"相対性理論","ローレンツブーストに対応する行列","\begin{align}\Lambda_x &= e^{\eta_x K_x} = \begin{pmatrix}\cosh\eta_x & \sinh\eta_x & 0 & 0 \\ \sinh\eta_x & \cosh\eta_x & 0 & 0 \\ 0 & 0 & 1 & 0 \\ 0 & 0 & 0 & 1 \\ \end{pmatrix}, & K_x &= \begin{pmatrix}0 & 1 & 0 & 0 \\ 1 & 0 & 0 & 0 \\ 0 & 0 & 0 & 0 \\ 0 & 0 & 0 & 0\end{pmatrix}, \\ \Lambda_y &= e^{\eta_y K_y} = \begin{pmatrix}\cosh\eta_y & 0 & \sinh\eta_y & 0 \\0 & 1 & 0 & 0 \\ \sinh\eta_y & 0 & \cosh\eta_y & 0 \\0 & 0 & 0 & 1\end{pmatrix}, & K_y &= \begin{pmatrix}0 & 0 & 1 & 0 \\ 0 & 0 & 0 & 0 \\ 1 & 0 & 0 & 0 \\ 0 & 0 & 0 & 0\end{pmatrix}, \\ \Lambda_z &= e^{\eta_z K_z} = \begin{pmatrix}\cosh\eta_z & 0 & 0 & \sinh\eta_z \\ 0 & 1 & 0 & 0 \\ 0 & 0 & 1 & 0 \\ \sinh\eta_z & 0 & 0 & \cosh\eta_z\end{pmatrix}, & K_z &= \begin{pmatrix}0 & 0 & 0 & 1 \\ 0 & 0 & 0 & 0 \\ 0 & 0 & 0 & 0 \\ 1 & 0 & 0 & 0\end{pmatrix}.\end{align}","ローレンツ変換とその生成子の組."
"相対性理論","一般のローレンツ群の要素","\begin{align}\Lambda_L &= \exp{\sum_{a=1}^6 \Theta_a T_a}, \\ \Theta &= (\eta_x, \eta_y, \eta_z, \phi_x, \phi_y, \phi_z), \\ T &= (K_x, K_y, K_z, M_x, M_y, M_z), \\ \omega_\nu^{\mu} &= \rbk{\boldsymbol{\eta} \cdot K + \boldsymbol{\phi} \cdot M}^{\mu}_{\nu} = \begin{pmatrix} 0 & \eta_x & \eta_y & \eta_z \\ \eta_x & 0 & \phi_z & - \phi_y \\ \eta_y & - \phi_z & 0 & \phi_x \\ \eta_z & \phi_y & - \phi_x & 0 \end{pmatrix}.\end{align}","生成子を使った表記."
"相対性理論","相対論的な作用とラグランジアン","\begin{align}S &= - m_0 c \int_{s_a}^{s_b} ds = - m_0 c^2 \int_{t_a}^{t_b} \sqrt{1 - \frac{\dot{\vectorr}^2}{c^2}}, \\ L &= -m_0 c^2 \sqrt{1 - \frac{\dot{\vectorr}^2}{c^2}}.\end{align}","計量は$ds^2 = (cdt)^2 - (dx)^2 - (dy)^2 - (dz)^2$."
"相対性理論","相対論的な正準運動量","\begin{align}\vectorp = \frac{\partial L}{\partial \dot{\vectorr}} = \frac{m_0 \dot{\vectorr}}{\sqrt{1 - \frac{\dot{\vectorr}^2}{c^2}}}.\end{align}","定義にもとづいた計算."
"相対性理論","相対論的なハミルトニアン","\begin{align}H = \vectorp \cdot \dot{\vectorr} - L = c \sqrt{\vectorp^2 + m_0^2 c^2}.\end{align}","定義にもとづいて計算."
"相対性理論","アインシュタインの公式","E=mc^2.","誰もが知る質量とエネルギーの等価性."
"相対性理論","一般の時空の計量","\begin{aligned}c^2 d \tau^2 &= \sum_{\mu,\nu=1}^4 g_{\mu,\nu}(x) dx^{\mu} dx^{\nu} \\ &= g_{\mu,\nu}(x) dx^{\mu} dx^{\nu}.\end{aligned}","一般相対性理論での基本的な概念."
"相対性理論","測地線の方程式","\begin{aligned}\frac{d^2 x^{\mu}}{d \tau^2} + \Gamma^{\mu}_{\nu \sigma} \frac{dx^{\nu}}{d \tau} \frac{dx^{\sigma}}{d \tau} = 0.\end{aligned}","一般相対性理論での自由落下を記述する方程式. 一般論は微分幾何で."
"相対性理論","アインシュタイン方程式","\begin{aligned}R^{\mu \nu}(x) - \frac{1}{2}R(x) g^{\mu \nu}(x) = \kappa T^{\mu \nu}(x).\end{aligned}","計量テンソルの決定方程式."
"相対性理論","シュワルツシルト計量","\begin{aligned}c^2 d\tau^2 = \rbk{1 - \frac{2GM}{c^2 r}} c^2 dt^2 - \frac{1}{1 - \frac{2GM}{c^2r}} dr^2 - r^2 (d \theta^2 + \sin^2 \theta d \phi^2).\end{aligned}","球対称で静的な質量分布の外部にある重力場を記述するアインシュタイン方程式の解. ブラックホールを記述できる."
"力学","運動方程式","\begin{aligned}m \frac{d^2 \vectorr}{dt^2} = \vectorF.\end{aligned}","高校以来のニュートンの運動方程式."
"解析力学","ハミルトンの最小作用の原理","\begin{aligned}\delta \int_{t_i}^{t_f} L \rbk{q(t), \dot{q}(t), t} \dt = 0.\end{aligned}","変分法の原点の一つ."
"解析力学","オイラー・ラグランジュ方程式","\begin{aligned}\frac{d}{dt} \frac{\partial L}{\partial \dot{q}^k} - \frac{\partial L}{\partial q^k} = 0.\end{aligned}","最小作用の原理にしたがう経路がみたす微分方程式."
"解析力学","ハミルトンの正準方程式","\begin{aligned}\frac{dq^k}{dt}&=\frac{\partial H(q,p,t)}{\partial p_k}, \\ \frac{dp_k}{dt}&=-\frac{\partial H(q,p,t)}{\partial q^k}.\end{aligned}","二階の運動方程式が一階の微分方程式系に書き換わっている. 詳しくは解析力学で."
"解析力学","ハミルトン-ヤコビ方程式","\begin{aligned}\frac{\partial S}{\partial t} + H \rbk{q, \frac{\partial S}{\partial q}, t} = 0.\end{aligned}","ニュートンの運動方程式やオイラー・ラグランジュ方程式と等価な, 力学を支配する方程式."
"電磁気学","マクスウェル方程式","\begin{aligned}\divergence \vectorE &= \rho, \\ \divergence \vectorB &= 0, \\ \rot \vectorE &= - \frac{1}{c} \frac{\partial \vectorB}{\partial t}, \\ \rot \vectorB &= \frac{1}{c} \frac{\partial \vectorE}{\partial t} + \frac{1}{c} \vectorj.\end{aligned}","電磁場がなす偏微分方程式系で電磁気学の基礎方程式."
"電磁気学","電磁場中を運動する荷電粒子の運動方程式","\begin{aligned}m \frac{d^2 \vectorr}{dt^2} = e \vectorE(\vectorr(t),t) + \frac{e}{c} \vectorv \times \vectorB(\vectorr(t),t).\end{aligned}","第一項は電場, 第二項は磁場によるローレンツ力の項."
"電磁気学","電磁ポテンシャル","\begin{aligned} \vectorE &= - \grad \, \phi - \frac{1}{c} \frac{\partial \vectorA}{\partial t}, \\ \vectorB &= \rot \vectorA. \end{aligned}","電場はスカラーポテンシャル(電位)の勾配とベクトルポテンシャルの時間微分の和で書け, 磁場はベクトルポテンシャルの回転で書ける."
"電磁気学","電磁ポテンシャルの波動方程式","\begin{aligned}\mylaplacian \vectorA - \frac{1}{c^2} \frac{\partial^2 \vectorA}{\partial t^2} = - \frac{1}{c} \vectorj.\end{aligned}","電磁場がみたすマクスウェル方程式に電磁ポテンシャルを代入すれば電磁ポテンシャルは波動方程式をみたす."
"流体力学","ナビエ-ストークス方程式","\begin{aligned}\frac{\partial \vectorv}{\partial t} + \rbk{\vectorv \cdot \nabla} \vectorv - \frac{\mu}{\rho} \mylaplacian \vectorv = - \frac{1}{\rho} \grad \, p.\end{aligned}","粘性を考慮した流体の速度場がみたす方程式."
"流体力学","連続の方程式","\begin{aligned}\frac{\partial \rho}{\partial t} + \grad \, (\rho \vectorv) = 0.\end{aligned}","各点での流体の密度の変化量と速度場が表す速度で流入する流体の量の等価性を表す."
"流体力学","オイラー方程式","\begin{aligned}\frac{\partial \vectorv}{\partial t} + \rbk{\vectorv \cdot \nabla} \vectorv = - \frac{1}{\rho} \grad \, p.\end{aligned}","完全流体(粘性を無視した流体)の速度場に対する運動方程式."
"流体力学","コルトベーク-ド・フリース方程式","\begin{aligned}\frac{\partial u}{\partial t} = \frac{3}{2} u \frac{\partial u}{\partial x} + \frac{1}{4} \frac{\partial^3 u}{\partial x^3}.\end{aligned}","浅い運河のソリトン波の運動を記述する方程式."
"流体力学","サイン-ゴルドン方程式","\begin{aligned}\frac{\partial^2 \phi(x,t)}{\partial x^2} - \frac{1}{a^2} \frac{\partial^2 \phi(x,t)}{\partial t^2} = \sin \phi(x,t).\end{aligned}","特殊な結晶中を伝わる光を記述する方程式で非線型項を伴う."
"物理数学","$\frac{1}{1-x}$のテイラー展開","\begin{aligned}\frac{1}{1-x} = \sum_{n=0}^\infty x^n = 1 + x + x^2 + \cdots.\end{aligned}","等比級数の和でもある."
"物理数学","$\frac{1}{\sqrt{1-x}}$のテイラー展開","\begin{aligned}\frac{1}{\sqrt{1-x}} = 1 + \frac{x}{2} + \frac{3}{8}x^2 + \cdots.\end{aligned}","一次近似は高校物理でもよく出てくる."
"物理数学","指数関数の定義","\begin{align}e^A = \sum_{n=0}^\infty \frac{1}{n!} e^n = \lim_{n \to \infty} \rbk{1 + \frac{A}{n}}^n.\end{align}","適切に調節すれば行列や作用素に対しても同じ定義が使える."
"物理数学","三次元回転の生成子","\begin{align}R_x(\theta) &= e^{\theta M_x} = \begin{pmatrix} 1 & 0 & 0 \\ 0 & \cos\theta & \sin\theta \\ 0 & -\sin\theta & \cos\theta\end{pmatrix}, & M_x &= \begin{pmatrix}0 & 0 & 0 \\ 0 & 0 & 1 \\ 0 & -1 & 0 \end{pmatrix} \\ R_y(\theta) &= e^{\theta M_y} = \begin{pmatrix}\cos\theta & 0 & -\sin\theta \\ 0 & 1 & 0 \\ \sin\theta & 0 & \cos\theta \end{pmatrix}, & M_y &= \begin{pmatrix}0 & 0 & -1 \\ 0 & 0 & 0 \\ 1 & 0 & 0\end{pmatrix} \\ R_z(\theta) &= e^{\theta M_z} = \begin{pmatrix}\cos\theta & \sin\theta & 0 \\ - \sin\theta & \cos\theta & 0 \\ 0 & 0 & 1 \end{pmatrix}, & M_z &= \begin{pmatrix}0 & 1 & 0 \\ -1 & 0 & 0 \\ 0 & 0 & 0\end{pmatrix}.\end{align}","行列の指数関数など重要な要素が詰まっている."
"物理数学","作用素の時間発展","\begin{align}e^{A}Be^{-A} = \sum_{n=0}^n \frac{1}{n!} \delta_A^n(B), \quad \delta_A(B) = [A,B].\end{align}","$A = itH$とすれば作用素の時間発展."
