ru,en,to-roman
а,but; whereas,a
абсолютно,absolutely,absolyutno
август,august,avgust
автобус,bus,avtobus
автомат,the automatic device,avtomat
автомобиль,automobile,avtomobilʹ
автор,author,avtor
ага,aha,aga
адрес,address,adres
актер,actor,akter
америка,america,amerika
американский,american,amerikanskiĭ
английский,english,angliĭskiĭ
аппарат,apparatus,apparat
армия,army,armiya
артист,artist,artist
ах,ah; ugh; jeepers,akh
баба,woman,baba
бабка,grandmother,babka
бабушка,grandmother,babushka
база,base,baza
банк,bank,bank
батарея,battery,batareya
бегать,to run,begatʹ
беда,misfortune,beda
бедный,poor,bednȳĭ
бежать,to run,bezhatʹ
без,without,bez
безопасность,safety,bezopasnostʹ
белый,white,belȳĭ
берег,coast,bereg
беседа,conversation,beseda
билет,ticket,bilet
бить,to beat,bitʹ
благодаря,thanks to; owing to,blagodarya
бледный,pale,blednȳĭ
блестящий,shining,blestyashchiĭ
ближайший,nearest,blizhaĭshiĭ
близкий,close; near,blizkiĭ
близко,closely,blizko
бог,god,bog
богатый,rich,bogatȳĭ
боевой,combat,boevoĭ
боец,soldier,boets
бой,fight,boĭ
бок,side,bok
более,more,bolee
болезнь,illness,boleznʹ
болеть,to be ill,boletʹ
боль,pain,bolʹ
больница,hospital,bolʹnitsa
больно,painfully,bolʹno
больной,ill; sick,bolʹnoĭ
больший,larger,bolʹshiĭ
большинство,majority,bolʹshinstvo
большой,big,bolʹshoĭ
борода,beard,boroda
бороться,to fight,borotʹsya
борт,board; side(of the ship),bort
борьба,struggle,borʹba
бояться,to be afraid,boyatʹsya
брат,brother,brat
брать,to take,bratʹ
бригада,brigade; team,brigada
бровь,eyebrow,brovʹ
бросать,to throw,brosatʹ
бросить,to throw,brositʹ
броситься,to rush; to jump at,brositʹsya
брюки,trousers; pants,bryuki
будто словно,as if; as though,budto slovno
будущее,future,budushchee
буква,letter; character,bukva
буквально,literally,bukvalʹno
бумага,paper,bumaga
бутылка,bottle,butȳlka
бывать,to happen; to occur,bȳvatʹ
бывший,former,bȳvshiĭ
быстро,quickly,bȳstro
быстрый,fast,bȳstrȳĭ
быть,to be,bȳtʹ
в,in; inside of; at,v
вагон,carriage; railroad car,vagon
важно,important,vazhno
важный,important,vazhnȳĭ
валить,to bring down,valitʹ
вариант,version,variant
варить,to cook; to boil,varitʹ
ваш,yours,vash
вверх,upwards,vverkh
вдоль,along; lengthwise,vdolʹ
вдруг,suddenly,vdrug
ведь,in fact,vedʹ
везти,to carry,vezti
век,century,vek
велеть,to order,veletʹ
великий,great,velikiĭ
вера,belief,vera
веревка,rope,verevka
верить,to trust,veritʹ
верно,aright; correct,verno
вернуть,to return,vernutʹ
вернуться,to return,vernutʹsya
верный,faithful; true,vernȳĭ
вероятно,probably,veroyatno
верхний,upper,verkhniĭ
вершина,peak; summit,vershina
вес,weight,ves
весело,cheerily; gaily,veselo
веселый,cheerful,veselȳĭ
весна,spring,vesna
вести,to lead; to drive,vesti
весь,all; entire,vesʹ
весьма,very; greatly,vesʹma
ветер,wind,veter
ветка,branch,vetka
вечер,evening,vecher
вечный,eternal,vechnȳĭ
вещь,thing,veshchʹ
взгляд,glance; sight,vzglyad
взглянуть,to look,vzglyanutʹ
вздохнуть,to sigh,vzdokhnutʹ
взрослый,adult,vzroslȳĭ
взрыв,explosion,vzrȳv
взять,to take,vzyatʹ
взяться,to undertake,vzyatʹsya
вид,kind; appearance,vid
видать,to see,vidatʹ
видеть,to see,videtʹ
видимо,probably,vidimo
видимый,visible,vidimȳĭ
видно,obviously; evidently,vidno
вино,wine,vino
виноватый,guilty,vinovatȳĭ
висеть,to hang,visetʹ
включить,to include; to switch on,vklyuchitʹ
вкус,taste,vkus
власть,authority; power,vlastʹ
влияние,influence,vliyanie
вместе,together,vmeste
вместо,instead of,vmesto
внезапно,suddenly,vnezapno
внешний,external,vneshniĭ
вниз,downwards,vniz
внизу,below; beneath,vnizu
внимание,attention,vnimanie
внимательно,heedfully; observantly,vnimatelʹno
вновь,again,vnovʹ
внутренний,internal,vnutrenniĭ
внутри,inside; within,vnutri
вовсе,at all,vovse
вода,water,voda
водитель,driver,voditelʹ
водка,vodka,vodka
воевать,to be at war,voevatʹ
военный,military,voennȳĭ
вождь,leader,vozhdʹ
возвращаться,to come back,vozvrashchatʹsya
воздух,air,vozdukh
возле,beside; by; near,vozle
возможно,probably,vozmozhno
возможность,opportunity,vozmozhnostʹ
возможный,possible,vozmozhnȳĭ
возникать,to arise,voznikatʹ
возникнуть,to arise; to appear,vozniknutʹ
возразить,to object,vozrazitʹ
возраст,age,vozrast
война,war,voĭna
войско,army,voĭsko
войти,to enter,voĭti
вокзал,railway station,vokzal
вокруг,around,vokrug
волк,wolf,volk
волна,wave,volna
волноваться,to worry,volnovatʹsya
волос,hair,volos
воля,will,volya
вон,there; out,von
вообще,in general,voobshche
вопрос,question,vopros
ворота,gate,vorota
восемь,eight,vosemʹ
воскликнуть,to exclaim out,voskliknutʹ
воспоминание,recollection,vospominanie
восток,east,vostok
восторг,delight; enthusiasm,vostorg
восточный,eastern,vostochnȳĭ
вот,here is; there,vot
впервые,for the first time,vpervȳe
вперед,forward,vpered
впереди,in front of; ahead of,vperedi
впечатление,impression,vpechatlenie
вполне,quite; completely,vpolne
впрочем,however,vprochem
враг,enemy,vrag
врать,to lie,vratʹ
врач,doctor,vrach
временный,temporary,vremennȳĭ
время,time,vremya
вроде,like; kinda,vrode
вряд ли,hardly,vryad li
всегда,always,vsegda
вскоре,soon,vskore
вскочить,to jump,vskochitʹ
вслед,after; behind,vsled
вспоминать,to recoll,vspominatʹ
вспомнить,to recollect,vspomnitʹ
вставать,to arise; stand up,vstavatʹ
встать,to stand up,vstatʹ
встретить,to meet,vstretitʹ
встретиться,to meet; get together,vstretitʹsya
встреча,meeting,vstrecha
встречать,to meet,vstrechatʹ
встречаться,to encounter; to meet,vstrechatʹsya
всякий всякая,anybody; everyone,vsyakiĭ vsyakaya
всякий,every; any,vsyakiĭ
всякое,every; any,vsyakoe
второй,second,vtoroĭ
вход,entrance,vkhod
входить,to enter,vkhoditʹ
вчера,yesterday,vchera
вы,you,vȳ
выбирать,to select,vȳbiratʹ
выбор,selection,vȳbor
выбрать,to select,vȳbratʹ
вывести,to derive,vȳvesti
вывод,conclusion; withdrawal,vȳvod
выглядеть,to look; to seem,vȳglyadetʹ
выдать,to give out,vȳdatʹ
выдержать,to withstand,vȳderzhatʹ
вызвать,to cause,vȳzvatʹ
вызывать,to cause,vȳzȳvatʹ
выйти,to leave,vȳĭti
вынужденный,forced,vȳnuzhdennȳĭ
вынуть,to take out,vȳnutʹ
выпить,to drink,vȳpitʹ
выполнить,to carry out,vȳpolnitʹ
выполнять,to carry out,vȳpolnyatʹ
выпустить,to let out,vȳpustitʹ
выражение,expression,vȳrazhenie
вырасти,to grow,vȳrasti
выскочить,to jump out,vȳskochitʹ
высокий,high,vȳsokiĭ
высота,height,vȳsota
выстрел,shot,vȳstrel
выступать,to come out; to act,vȳstupatʹ
высший,highest,vȳsshiĭ
вытащить,to take out,vȳtashchitʹ
выход,exit; output,vȳkhod
выходить,to come out,vȳkhoditʹ
выше,above; higher,vȳshe
выясниться,to be explained,vȳyasnitʹsya
газ,fume; gas,gaz
газета,newspaper,gazeta
где,where,gde
генерал,general,general
германия,germany,germaniya
герой,hero,geroĭ
глава,chief; chapter,glava
главный,main,glavnȳĭ
глаз,eye,glaz
глубина,depth,glubina
глубокий,deep,glubokiĭ
глубоко,deeply,gluboko
глупый,foolish,glupȳĭ
глухой,deaf,glukhoĭ
глядеть,to look,glyadetʹ
глянуть,to cast a look,glyanutʹ
говорить,to speak,govoritʹ
говориться,to speak,govoritʹsya
год,year,god
голова,head,golova
голод,hunger,golod
голос,voice,golos
голубой,blue; azure,goluboĭ
голый,naked,golȳĭ
гора,mountain,gora
гораздо,much,gorazdo
горе,grief,gore
гореть,to burn,goretʹ
горло,throat,gorlo
город,city,gorod
городской,urban,gorodskoĭ
горький,bitter,gorʹkiĭ
горячий,hot,goryachiĭ
господин,mister,gospodin
господь господи,the Lord,gospodʹ gospodi
гостиница,hotel,gostinitsa
гость,visitor,gostʹ
государственный,state,gosudarstvennȳĭ
государство,state,gosudarstvo
готовить,to prepare; to cook,gotovitʹ
готовиться,to prepare,gotovitʹsya
готовый,ready,gotovȳĭ
гражданин,citizen,grazhdanin
гражданский,civil,grazhdanskiĭ
граница,border,granitsa
грех,sin,grekh
гриб,mushroom; fungus,grib
громкий,loud,gromkiĭ
громко,loudly,gromko
грудь,breast,grudʹ
группа,group,gruppa
грязный,dirty,gryaznȳĭ
грязь,mud,gryazʹ
губа,lip,guba
гулять,to go for a walk,gulyatʹ
густой,thick,gustoĭ
да,yes,da
давать,to give,davatʹ
давно,long ago,davno
даже,even,dazhe
далее,further,dalee
далекий,far; distant,dalekiĭ
далеко,far,daleko
даль,distance,dalʹ
дальнейший,further; future,dalʹneĭshiĭ
дальний,distant,dalʹniĭ
дама,lady,dama
данный,given,dannȳĭ
дать,to give,datʹ
дача,dacha,dacha
два,two,dva
двадцать,twenty,dvadtsatʹ
двенадцать,twelve,dvenadtsatʹ
дверь,door,dverʹ
двести,two hundred,dvesti
двигаться,to move,dvigatʹsya
движение,movement,dvizhenie
двинуться,to move,dvinutʹsya
двое,two,dvoe
двор,yard; outdoors,dvor
дворец,palace,dvorets
девица,girl,devitsa
девочка,girl,devochka
девушка,girl,devushka
девчонка,girl,devchonka
девять,nine,devyatʹ
дед,grandfather,ded
дедушка,grand-dad,dedushka
действие,action,deĭstvie
действительно,really,deĭstvitelʹno
действовать,to operate,deĭstvovatʹ
делать,to do,delatʹ
делаться,to be done,delatʹsya
дело,business,delo
день,day,denʹ
деньги,money,denʹgi
деревня,village,derevnya
дерево,tree,derevo
деревянный,wooden,derevyannȳĭ
держать,to hold,derzhatʹ
держаться,to hold on,derzhatʹsya
десяток,ten,desyatok
десять,ten,desyatʹ
детский,children&#39;s,detskiĭ
детство,childhood,detstvo
деятельность,activity,deyatelʹnostʹ
диван,sofa,divan
дивизия,division(military),diviziya
дикий,wild,dikiĭ
директор,director,direktor
длинный,long,dlinnȳĭ
для,for,dlya
дно,bottom,dno
до,until; up to,do
добавить,to add,dobavitʹ
добраться,to reach,dobratʹsya
добро,good,dobro
добрый,kind,dobrȳĭ
довольно,enough,dovolʹno
довольный,pleased; contented,dovolʹnȳĭ
догадаться,dawn upon; to surmise,dogadatʹsya
дождаться,to wait until,dozhdatʹsya
дождь,rain,dozhdʹ
дойти,to reach; to come to,doĭti
доказать,to prove,dokazatʹ
доктор,doctor,doktor
документ,document,dokument
долг,debt,dolg
долгий,long,dolgiĭ
долго,(for) a long time,dolgo
должность,occupation; position,dolzhnostʹ
должный,due; proper,dolzhnȳĭ
доллар,dollar,dollar
дом,house,dom
домашний,domestic,domashniĭ
домик,house,domik
домой,home,domoĭ
дорога,road,doroga
дорогой,by road,dorogoĭ
дорогой,expensive; valuable; darling,dorogoĭ
доска,board,doska
достаточно,enough; sufficient,dostatochno
достать,to get,dostatʹ
достоинство,dignity; merit,dostoinstvo
дочка,daughter,dochka
дочь,daughter,dochʹ
древний,ancient,drevniĭ
дрожать,to shake,drozhatʹ
друг,friend,drug
другой,another,drugoĭ
думать,to think,dumatʹ
дурак,fool,durak
дух,spirit,dukh
душа,soul,dusha
дым,smoke,dȳm
дыхание,breath; respiration,dȳkhanie
дышать,to breathe,dȳshatʹ
дядя,uncle,dyadya
еврей,jewish,evreĭ
европа,europe,evropa
еда,food,eda
едва,hardly,edva
единственный,unique,edinstvennȳĭ
единый,united,edinȳĭ
ездить,to drive,ezditʹ
еле,hardly,ele
если,if; in case,esli
естественно,naturally,estestvenno
естественный,natural,estestvennȳĭ
есть,to be; to eat,estʹ
ехать,to ride; to drive,ekhatʹ
еще,still; yet; more,eshche
жалеть,to regret; to pity,zhaletʹ
жалить,to sting,zhalitʹ
жалко,pitiful,zhalko
ждать,to wait,zhdatʹ
желание,desire,zhelanie
желать,to wish,zhelatʹ
железный,iron,zheleznȳĭ
желтый,yellow,zheltȳĭ
жена,wife,zhena
жениться,to marry,zhenitʹsya
женский,female,zhenskiĭ
женщина,woman,zhenshchina
жертва,victim,zhertva
живой,alive,zhivoĭ
живот,stomach,zhivot
животный,animal,zhivotnȳĭ
жизнь,life,zhiznʹ
житель,inhabitant,zhitelʹ
жить,to live,zhitʹ
журнал,periodical,zhurnal
журналист,journalist,zhurnalist
за,for; behind,za
заболевание,disease,zabolevanie
забор,fence,zabor
забота,concern,zabota
забрать,to take away,zabratʹ
забывать,to forget,zabȳvatʹ
забыть,to forget,zabȳtʹ
завести,to get; to start,zavesti
зависеть,to depend,zavisetʹ
завод,factory,zavod
завтра,tomorrow,zavtra
заглянуть,to glance,zaglyanutʹ
заговорить,to start talking,zagovoritʹ
задача,problem,zadacha
задний,rear,zadniĭ
задуматься,to think,zadumatʹsya
зайти,to visit,zaĭti
закон,law,zakon
закончить,to finish,zakonchitʹ
закричать,to cry; to shout,zakrichatʹ
закрытый,closed,zakrȳtȳĭ
закрыть,to shut,zakrȳtʹ
зал,hall,zal
замереть,to stand still,zameretʹ
заместитель,deputy; assistant,zamestitelʹ
заметить,to notice,zametitʹ
замечательный,remarkable,zamechatelʹnȳĭ
замечать,to note,zamechatʹ
замок,lock; castle,zamok
замолчать,to become silent,zamolchatʹ
занимать,to occupy,zanimatʹ
заниматься,to be engaged,zanimatʹsya
занятие,occupation,zanyatie
занятый,occupied,zanyatȳĭ
занять,to engage,zanyatʹ
заняться,to study; to engage in,zanyatʹsya
запад,west,zapad
западный,western,zapadnȳĭ
запах,smell,zapakh
записать,to write down,zapisatʹ
записка,note,zapiska
запись,record,zapisʹ
запомнить,to memorize,zapomnitʹ
заранее,in advance,zaranee
зарплата,salary,zarplata
засмеяться,to laugh,zasmeyatʹsya
заставить,to force,zastavitʹ
заставлять,to force,zastavlyatʹ
затем,then,zatem
зато,but; on the other hand,zato
захватить,to capture; to grasp,zakhvatitʹ
заходить,to go in,zakhoditʹ
захотеть,to want,zakhotetʹ
зачем,what for,zachem
защита,protection,zashchita
заявить,to state,zayavitʹ
заявление,statement,zayavlenie
звать,to call,zvatʹ
звезда,star,zvezda
зверь,beast,zverʹ
звонить,to ring; to call,zvonitʹ
звонок,bell,zvonok
звук,sound,zvuk
звучать,to sound,zvuchatʹ
здание,building,zdanie
здесь,here,zdesʹ
здорово,healthy;,zdorovo
здоровый,healthy,zdorovȳĭ
здоровье,health,zdorovʹe
здравствовать,to be in good health,zdravstvovatʹ
зеленый,green,zelenȳĭ
земля,ground,zemlya
земной,terrestrial,zemnoĭ
зеркало,mirror,zerkalo
зима,winter,zima
зло,evil,zlo
злой,wicked; evil,zloĭ
знак,sign,znak
знакомый,friend,znakomȳĭ
знаменитый,famous,znamenitȳĭ
знание,knowledge,znanie
знать,aristocracy,znatʹ
знать,to know,znatʹ
значение,value; meaning,znachenie
значительный,significant,znachitelʹnȳĭ
значить,to mean,znachitʹ
золотой,gold,zolotoĭ
зона,zone,zona
зрение,sight,zrenie
зря,in vain,zrya
зуб,tooth,zub
и,and,i
ибо,because; for,ibo
игра,game,igra
играть,to play,igratʹ
идея,idea,ideya
идти,to go,idti
из,from; out of,iz
изба,cottage,izba
известный,known,izvestnȳĭ
извинить,to excuse,izvinitʹ
изменение,change,izmenenie
изменить,to change,izmenitʹ
измениться,to change,izmenitʹsya
или,or,ili
именно,specifically; exactly,imenno
иметь,to have,imetʹ
иметься,be available,imetʹsya
имя,name,imya
иначе,otherwise,inache
инженер,engineer,inzhener
иногда,sometimes,inogda
иной,other,inoĭ
иностранный,foreign,inostrannȳĭ
инспектор,inspector,inspektor
институт,institute,institut
интерес,interest,interes
интересно,interestingly,interesno
интересный,interesting,interesnȳĭ
интересовать,to interest,interesovatʹ
информация,information,informatsiya
искать,to search,iskatʹ
искусство,art,iskusstvo
использовать,to use,ispolʹzovatʹ
испугаться,to frighten,ispugatʹsya
испытывать,to experience,ispȳtȳvatʹ
исследование,study,issledovanie
истина,truth,istina
истинный,TRUE,istinnȳĭ
исторический,historical,istoricheskiĭ
история,history,istoriya
источник,source,istochnik
исчезнуть,to disappear,ischeznutʹ
итак,thus,itak
к,to; towards,k
кабина,cab,kabina
кабинет,cabinet,kabinet
каждый,everyone,kazhdȳĭ
казаться,to seem,kazatʹsya
как,how,kak
какой,what; which,kakoĭ
каменный,rock,kamennȳĭ
камень,stone,kamenʹ
камера,camera,kamera
канал,channel,kanal
капитан,captain,kapitan
капля,drop,kaplya
карман,pocket,karman
карта,card; map,karta
картина,picture,kartina
картошка,potato,kartoshka
касаться,to concern,kasatʹsya
катить,to roll,katitʹ
качество,quality,kachestvo
квартира,apartment,kvartira
кивнуть,to nod,kivnutʹ
километр,kilometer,kilometr
кино,cinema,kino
класс,class,klass
клетка,cage; cell,kletka
клуб,club,klub
ключ,key,klyuch
книга,book,kniga
книжка,book,knizhka
когда,when,kogda
кожа,leather; skin,kozha
кой,which,koĭ
колено,knee,koleno
колесо,wheel,koleso
количество,quantity,kolichestvo
коллега,colleague; associate,kollega
колонна,column; pillar,kolonna
колоть,to prick; to split,kolotʹ
кольцо,ring,kolʹtso
команда,command,komanda
командир,commander,komandir
комиссия,commission,komissiya
комитет,committee,komitet
коммунист,communist,kommunist
комната,room,komnata
компания,company,kompaniya
конец,end,konets
конечно,certainly,konechno
контроль,control,kontrolʹ
кончиться,to terminate; to expire,konchitʹsya
конь,horse,konʹ
корабль,ship,korablʹ
корень,root,korenʹ
коридор,corridor,koridor
королева,queen,koroleva
король,king,korolʹ
короткий,short,korotkiĭ
корпус,body frame; building,korpus
костер,bonfire,koster
кость,bone,kostʹ
костюм,suit,kostyum
кот,cat,kot
который,which,kotorȳĭ
кофе,coffee,kofe
кошка,cat,koshka
край,edge; outskirt,kraĭ
крайний,outermost; extreme,kraĭniĭ
красивый,beautiful,krasivȳĭ
краска,paint,kraska
красный,red,krasnȳĭ
красота,beauty,krasota
крепкий,strong,krepkiĭ
крепко,firmly,krepko
кресло,armchair,kreslo
крест,cross,krest
крестьянин,peasant,krestʹyanin
крик,cry,krik
крикнуть,to shout,kriknutʹ
кричать,to shout,krichatʹ
кровать,bed,krovatʹ
кровь,blood,krovʹ
кроме,except for,krome
круг,circle,krug
круглый,round,kruglȳĭ
кругом,around,krugom
кружок,circle,kruzhok
крупный,large,krupnȳĭ
крутой,steep,krutoĭ
крыло,wing,krȳlo
крыльцо,porch,krȳlʹtso
крыша,roof,krȳsha
кстати,by the way,kstati
кто,who,kto
куда,where,kuda
кулак,fist; claw; kulak,kulak
культура,culture,kulʹtura
купить,to buy,kupitʹ
курить,to smoke,kuritʹ
курс,course,kurs
куртка,jacket,kurtka
кусок,piece,kusok
куст,bush,kust
кухня,kitchen,kukhnya
куча,heap; pile,kucha
лагерь,camp,lagerʹ
ладно,all right,ladno
ладонь,palm,ladonʹ
лапа,paw,lapa
левый,left,levȳĭ
легкий,easy; light,legkiĭ
легко,easily,legko
легкое,lung,legkoe
лед,ice,led
лежать,to lay,lezhatʹ
лезть,to climb,leztʹ
лейтенант,lieutenant,leĭtenant
ленинград,leningrad,leningrad
лес,woods; forest,les
лесной,forest,lesnoĭ
лестница,ladder,lestnitsa
летать,to fly,letatʹ
лететь,to fly,letetʹ
летний,summer,letniĭ
лето,summer,leto
лечение,treatment,lechenie
лечь,to lie down,lechʹ
ли,whether,li
либо,or; either..or,libo
линия,line,liniya
лист,leaf; sheet,list
литература,literature,literatura
литературный,literary,literaturnȳĭ
лицо,face,litso
личность,personality,lichnostʹ
личный,personal,lichnȳĭ
лишний,superfluous; extra,lishniĭ
лишь,only; as soon as,lishʹ
лоб,forehead,lob
ловить,to catch,lovitʹ
лодка,boat,lodka
локоть,elbow,lokotʹ
лошадь,horse,loshadʹ
луна,moon,luna
луч,ray,luch
лучший,best,luchshiĭ
любимый,beloved; favourite,lyubimȳĭ
любить,to love,lyubitʹ
любовь,love,lyubovʹ
любой,any,lyuboĭ
любопытство,curiosity,lyubopȳtstvo
магазин,shop,magazin
майор,major,maĭor
маленький,small,malenʹkiĭ
мало,a little; few,malo
малый,little; small-scale,malȳĭ
мальчик,boy,malʹchik
мальчишка,boy,malʹchishka
мама,mum,mama
масло,butter; oil,maslo
масса,mass,massa
мастер,master,master
материал,material,material
мать,mother,matʹ
махнуть,to wave,makhnutʹ
машина,machine; car,mashina
мгновение,instant,mgnovenie
мгновенно,instantly,mgnovenno
медленно,slowly,medlenno
между,between,mezhdu
международный,international,mezhdunarodnȳĭ
мелкий,small; fine,melkiĭ
менее,less,menee
менять,to change,menyatʹ
мера,measure,mera
мертвый,dead,mertvȳĭ
местный,local,mestnȳĭ
место,place,mesto
месяц,month,mesyats
метр,meter,metr
меч,sword,mech
мечта,dream,mechta
мечтать,to dream,mechtatʹ
мешать,to stir; to interfere,meshatʹ
мешок,bag,meshok
миг,moment,mig
милиционер,militiaman; policeman,militsioner
милиция,police,militsiya
миллион,million,million
милый,dear; darling,milȳĭ
мимо,past,mimo
министр,minister,ministr
минута,minute,minuta
мир,world,mir
мировой,world,mirovoĭ
младший,junior; younger,mladshiĭ
мнение,opinion,mnenie
многие,many,mnogie
много,much; lots of,mnogo
многое,much,mnogoe
множество,great number; multitude,mnozhestvo
могила,grave,mogila
могучий,powerful,moguchiĭ
можно,it is possible; one may,mozhno
мозг,brain,mozg
мой,mine,moĭ
мокрый,wet,mokrȳĭ
мол,pier; breakwater,mol
молодая,young; bride,molodaya
молодой,young,molodoĭ
молоко,milk,moloko
молча,silently,molcha
молчание,silence,molchanie
молчать,to be silent,molchatʹ
момент,moment,moment
морда,snout,morda
море,sea,more
мороз,frost,moroz
морской,sea,morskoĭ
москва,Moscow,moskva
московский,moscow,moskovskiĭ
мост,bridge,most
мочь,can,mochʹ
мощный,powerful,moshchnȳĭ
муж,husband,muzh
мужик,peasant; boor,muzhik
мужской,male; masculine,muzhskoĭ
мужчина,man,muzhchina
музей,museum,muzeĭ
музыка,music,muzȳka
муха,fly,mukha
мы,we,mȳ
мысль,idea,mȳslʹ
мягкий,soft,myagkiĭ
мясо,meat,myaso
на,on; over; to,na
наблюдать,to observe,nablyudatʹ
наверно,probably,naverno
наверное,probably,navernoe
наверняка,for sure,navernyaka
навсегда,forever,navsegda
навстречу,towards,navstrechu
над,above; on top of,nad
надежда,hope,nadezhda
надеяться,to hope,nadeyatʹsya
надо,need; one must,nado
надоесть,to tire; to pester,nadoestʹ
надпись,inscription,nadpisʹ
назад,back,nazad
название,name,nazvanie
назвать,to name,nazvatʹ
назначить,to appoint,naznachitʹ
называть,to name,nazȳvatʹ
называться,be referred to as; to be called,nazȳvatʹsya
наиболее,most,naibolee
найти,to find,naĭti
найтись,to be located,naĭtisʹ
наконец,at last,nakonets
наоборот,vice versa; conversely,naoborot
написать,to write,napisatʹ
напоминать,to remind; to resemble,napominatʹ
напомнить,to resemble; to remind,napomnitʹ
направить,to direct,napravitʹ
направление,direction,napravlenie
например,for example,naprimer
напротив,opposite to; across the way,naprotiv
напряжение,stress,napryazhenie
народ,people,narod
народный,people,narodnȳĭ
нарушение,disturbance,narushenie
население,population,naselenie
насколько,how,naskolʹko
настолько,so,nastolʹko
настоящий,present; real; genuine,nastoyashchiĭ
настроение,mood,nastroenie
наступить,to begin; act on the offensive,nastupitʹ
насчет,about; as regards; concerning,naschet
наука,science,nauka
научиться,to learn,nauchitʹsya
научный,scientific,nauchnȳĭ
находить,to find,nakhoditʹ
находиться,be found; to be,nakhoditʹsya
национальный,national,natsionalʹnȳĭ
начало,beginning,nachalo
начальник,chief,nachalʹnik
начальство,authorities,nachalʹstvo
начать,to begin,nachatʹ
начаться,to begin,nachatʹsya
начинать,to begin,nachinatʹ
начинаться,to begin; get going,nachinatʹsya
наш,ours,nash
не,not; no,ne
небо,sky,nebo
небольшой,small,nebolʹshoĭ
невозможно,impossible,nevozmozhno
недавно,recently,nedavno
неделя,week,nedelya
незнакомый,unfamiliar; unknown,neznakomȳĭ
неизвестный,unknown,neizvestnȳĭ
некий,certain,nekiĭ
некоторый,some; certain,nekotorȳĭ
нельзя,it is impossible; must not,nelʹzya
немедленно,immediately,nemedlenno
немец,german,nemets
немецкий,german,nemetskiĭ
немного,a little,nemnogo
ненавидеть,to hate,nenavidetʹ
необходимость,need,neobkhodimostʹ
необходимый,necessary,neobkhodimȳĭ
неожиданно,unexpectedly,neozhidanno
неожиданный,unexpected,neozhidannȳĭ
непонятный,incomprehensible,neponyatnȳĭ
нервный,nervous,nervnȳĭ
несколько,several; a few,neskolʹko
несколько,somewhat; slightly,neskolʹko
несмотря,despite,nesmotrya
нести,to bear; to carry,nesti
несчастный,unhappy,neschastnȳĭ
нет,no,net
нету,there is no; there are no,netu
неужели,really; can it be true,neuzheli
нечего,need not; no need,nechego
нечто,something,nechto
ни,not a; in no,ni
ниже,below,nizhe
нижний,lower,nizhniĭ
низкий,low,nizkiĭ
никак,in no way,nikak
никакой,any; none,nikakoĭ
никогда,never,nikogda
никто,no one; nobody,nikto
никуда,nowhere,nikuda
ничто,nothing,nichto
но,but,no
новый,new,novȳĭ
нога,leg,noga
нож,knife,nozh
номер,number,nomer
нормальный,normal,normalʹnȳĭ
нос,nose,nos
носить,to carry; to wear,nositʹ
ночной,night,nochnoĭ
ночь,night,nochʹ
нравиться,to like,nravitʹsya
ну,well; come on,nu
нужный,necessary,nuzhnȳĭ
нынешний,present,nȳneshniĭ
о,about; on the topic of,o
оба,both,oba
обед,dinner,obed
обезьяна,monkey,obezʹyana
обернуться,to turn one&#39;s face,obernutʹsya
обещать,to promise,obeshchatʹ
обладать,to possess,obladatʹ
облако,cloud,oblako
область,area,oblastʹ
обнаружить,to find out,obnaruzhitʹ
обойтись,to manage; to do without,oboĭtisʹ
оборона,defense,oborona
образ,image,obraz
образование,formation; education,obrazovanie
обратить,to turn; to convert,obratitʹ
обратиться,to turn; to address,obratitʹsya
обратно,back,obratno
обращать,to turn to; to transform,obrashchatʹ
обращаться,to address,obrashchatʹsya
обстановка,situation,obstanovka
обстоятельство,circumstance,obstoyatelʹstvo
общественный,public,obshchestvennȳĭ
общество,society,obshchestvo
общий,general,obshchiĭ
объект,object,obʺekt
объявить,to declare,obʺyavitʹ
объяснить,to explain,obʺyasnitʹ
объяснять,to explain,obʺyasnyatʹ
обыкновенный,usual,obȳknovennȳĭ
обычно,usually,obȳchno
обычный,usual,obȳchnȳĭ
обязанный,obliged,obyazannȳĭ
обязательно,necessarily; compulsory,obyazatelʹno
оглянуться,to look back,oglyanutʹsya
огонь,fire,ogonʹ
огромный,huge,ogromnȳĭ
одежда,clothing,odezhda
одетый,dressed,odetȳĭ
одеяло,blanket,odeyalo
один,one,odin
одинокий,lonely,odinokiĭ
однажды,once,odnazhdȳ
однако,however; yet; still,odnako
одновременно,simultaneously,odnovremenno
ожидание,expectation,ozhidanie
ожидать,to expect,ozhidatʹ
озеро,lake,ozero
означать,to indicate,oznachatʹ
ой,oh! o dear!; ouch,oĭ
оказаться,to appear,okazatʹsya
оказываться,to appear,okazȳvatʹsya
окно,window,okno
около,nearby,okolo
окончательно,conclusively,okonchatelʹno
октябрь,october,oktyabrʹ
он,he,on
она,she,ona
они,they,oni
оно,it,ono
опасность,danger,opasnostʹ
опасный,dangerous,opasnȳĭ
операция,operation,operatsiya
определенный,special; definite,opredelennȳĭ
определить,to determine,opredelitʹ
опустить,to lower,opustitʹ
опыт,experience,opȳt
опять,again,opyatʹ
орать,to yell,oratʹ
орган,organ; agency; body,organ
организация,organization,organizatsiya
организм,organism,organizm
орден,order; medal,orden
орудие,instrument,orudie
оружие,weapon,oruzhie
осень,autumn,osenʹ
основа,basis; foundation,osnova
основание,base,osnovanie
основной,basic,osnovnoĭ
особенно,especially,osobenno
особенный,special,osobennȳĭ
особый,special,osobȳĭ
оставаться,to remain,ostavatʹsya
оставить,to leave; to give up; to keep,ostavitʹ
оставлять,to leave,ostavlyatʹ
остальное,rest,ostalʹnoe
остальной,other,ostalʹnoĭ
останавливаться,to stop,ostanavlivatʹsya
остановить,to stop,ostanovitʹ
остановиться,to stop,ostanovitʹsya
остаток,remainder,ostatok
остаться,to remain,ostatʹsya
осторожно,cautiously,ostorozhno
остров,island,ostrov
острый,sharp,ostrȳĭ
от,off; from,ot
ответ,answer,otvet
ответить,to answer,otvetitʹ
отвечать,to answer,otvechatʹ
отдавать,to give back,otdavatʹ
отдать,to give,otdatʹ
отдел,division,otdel
отделение,department,otdelenie
отдельный,separate,otdelʹnȳĭ
отец,father,otets
отказаться,to refuse,otkazatʹsya
открывать,to open,otkrȳvatʹ
открытие,discovery,otkrȳtie
открытый,open,otkrȳtȳĭ
открыть,to open,otkrȳtʹ
открыться,to be opened,otkrȳtʹsya
откуда,from where; whence,otkuda
отличаться,to differ,otlichatʹsya
отличие,difference,otlichie
отметить,to note,otmetitʹ
относиться,to relate; to belong,otnositʹsya
отношение,attitude,otnoshenie
отойти,to go away,otoĭti
отправить,to send,otpravitʹ
отправиться,to leave; set off/out,otpravitʹsya
отпустить,to let go,otpustitʹ
отряд,detachment; squadron,otryad
отсутствие,absence,otsutstvie
отсюда,from here; hence,otsyuda
оттого,that is why,ottogo
оттуда,from there,ottuda
отчего,why,otchego
офицер,officer,ofitser
официальный,official,ofitsialʹnȳĭ
ох,oh,okh
охота,hunting,okhota
охрана,protection,okhrana
очевидно,obviously,ochevidno
очень,very,ochenʹ
очередной,next; sequential,ocherednoĭ
очередь,turn; queue,ocheredʹ
очко,point,ochko
ошибка,error,oshibka
ощущать,to feel; to experience,oshchushchatʹ
ощущение,sensation,oshchushchenie
падать,to fall,padatʹ
палатка,tent,palatka
палец,finger; toe,palets
палка,stick,palka
пальто,coat,palʹto
память,memory,pamyatʹ
папа,daddy,papa
пара,pair,para
парень,guy,parenʹ
париж,paris,parizh
парк,park,park
партия,party(political); group,partiya
паспорт,passport,pasport
пассажир,passenger,passazhir
пастух,herdsman,pastukh
пауза,pause,pauza
пахнуть,to smell,pakhnutʹ
пачка,pack; bundle,pachka
первый,first,pervȳĭ
перевести,to transfer,perevesti
перед,before; in front of,pered
передать,to transfer; to pass,peredatʹ
передний,front,peredniĭ
перейти,to go over; to pass,pereĭti
перестать,to cease; to stop,perestatʹ
период,period,period
пес,dog,pes
песнь,canto; song,pesnʹ
песня,song,pesnya
песок,sand,pesok
петербург,peterburg,peterburg
петь,to sing,petʹ
печальный,sad,pechalʹnȳĭ
печать,press,pechatʹ
пиво,beer,pivo
пиджак,coat,pidzhak
пила,saw,pila
писатель,writer,pisatelʹ
писать,to write,pisatʹ
пистолет,pistol,pistolet
письмо,letter,pisʹmo
пить,to drink,pitʹ
пища,food,pishcha
плакать,to cry,plakatʹ
план,plan,plan
планета,planet,planeta
платить,to pay,platitʹ
платок,shawl,platok
платье,dress; gown; frock,platʹe
плащ,raincoat,plashch
плечо,shoulder,plecho
плохо,badly,plokho
плохой,bad; amiss,plokhoĭ
площадка,playground,ploshchadka
площадь,area; square; plaza,ploshchadʹ
по,on; along,po
победа,victory,pobeda
побежать,to start running,pobezhatʹ
поведение,behavior,povedenie
повезти,to transport,povezti
поверить,to believe,poveritʹ
повернуть,to turn,povernutʹ
повернуться,to turn,povernutʹsya
поверхность,surface,poverkhnostʹ
повод,occasion,povod
поворот,turning,povorot
повторить,to repeat,povtoritʹ
повторять,to repeat,povtoryatʹ
погибнуть,to perish; to die,pogibnutʹ
поглядеть,to have a look,poglyadetʹ
поговорить,to have a talk,pogovoritʹ
погода,weather,pogoda
под,under,pod
подавать,to give,podavatʹ
подарить,to present; to give away,podaritʹ
подарок,gift,podarok
подать,to give; to serve,podatʹ
поднимать,to raise; to pick up,podnimatʹ
подниматься,to rise,podnimatʹsya
поднять,to lift,podnyatʹ
подняться,to rise,podnyatʹsya
подобный,similar,podobnȳĭ
подождать,to wait,podozhdatʹ
подойти,to approach,podoĭti
подписать,to sign,podpisatʹ
подруга,(female) friend,podruga
подтвердить,to confirm,podtverditʹ
подумать,to think,podumatʹ
подходить,to approach,podkhoditʹ
подъезд,porch; entrance,podʺezd
поезд,train,poezd
поездка,trip,poezdka
поехать,to depart; to drive,poekhatʹ
пожаловать,to grant; to welcome,pozhalovatʹ
пожалуйста,please,pozhaluĭsta
пожар,fire,pozhar
пожать,to shake,pozhatʹ
пожилой,elderly,pozhiloĭ
позвать,to call; to invite,pozvatʹ
позволить,to allow,pozvolitʹ
позволять,to allow,pozvolyatʹ
позвонить,to call,pozvonitʹ
поздний,late,pozdniĭ
поздно,late; out of time,pozdno
позиция,attitude; position,pozitsiya
познакомиться,to be introduced,poznakomitʹsya
поиск,search,poisk
поймать,to catch,poĭmatʹ
пойти,to go,poĭti
пока,while,poka
показать,to show,pokazatʹ
показаться,to seem,pokazatʹsya
показывать,to show,pokazȳvatʹ
покой,rest,pokoĭ
поколение,generation,pokolenie
покрыть,to cover,pokrȳtʹ
покупать,to buy,pokupatʹ
пол,floor,pol
полагать,to assume,polagatʹ
поле,field,pole
полезть,to climb,poleztʹ
политика,politics; policy,politika
политический,political,politicheskiĭ
полиция,police,politsiya
полк,regiment,polk
полка,shelf,polka
полковник,colonel,polkovnik
полностью,completely,polnostʹyu
полный,full,polnȳĭ
половина,half,polovina
положение,position,polozhenie
положенный,prescribed; authorized,polozhennȳĭ
положить,to put,polozhitʹ
полоса,strip,polosa
полтора,one and half,poltora
получать,to receive,poluchatʹ
получаться,to turn out,poluchatʹsya
получить,to receive,poluchitʹ
получиться,to turn out,poluchitʹsya
полчаса,half-hour,polchasa
польза,benefit,polʹza
пользоваться,to use,polʹzovatʹsya
помещение,lodging;room;investment,pomeshchenie
помнить,to remember,pomnitʹ
помогать,to help,pomogatʹ
помолчать,to be silent,pomolchatʹ
помочь,to assist; to help,pomochʹ
помощь,help,pomoshchʹ
понимать,to understand,ponimatʹ
понравиться,to please; to like,ponravitʹsya
понятие,notion; concept,ponyatie
понятно,clearly; understandable,ponyatno
понять,to understand,ponyatʹ
попасть,to get into; to hit a target,popastʹ
попробовать,to try,poprobovatʹ
попросить,to ask,poprositʹ
попытаться,to attempt,popȳtatʹsya
попытка,attempt,popȳtka
пора,season; time,pora
поразить,to strike; to amaze,porazitʹ
порог,threshold; doorstep,porog
портрет,portrait,portret
порядок,order,poryadok
посадить,to plant,posaditʹ
поселок,settlement,poselok
поскольку,since; as,poskolʹku
послать,to send,poslatʹ
после,after,posle
последний,last,posledniĭ
послушать,to listen to,poslushatʹ
посмотреть,to look,posmotretʹ
пост,post,post
поставить,to put,postavitʹ
постель,bed,postelʹ
постепенно,gradually,postepenno
постоянно,constantly,postoyanno
постоянный,constant,postoyannȳĭ
построить,to build,postroitʹ
поступать,to enter; to act,postupatʹ
поступить,to enter; to behave,postupitʹ
потерять,to lose,poteryatʹ
поток,flow,potok
потолок,ceiling,potolok
потом,then; afterwards,potom
потому,that is why,potomu
похожий,similar,pokhozhiĭ
почему,why,pochemu
почти,almost,pochti
почувствовать,to feel,pochuvstvovatʹ
пошлый,vulgar; banal,poshlȳĭ
поэт,poet,poét
поэтому,therefore,poétomu
появиться,to appear,poyavitʹsya
появление,appearance,poyavlenie
появляться,to appear,poyavlyatʹsya
пояс,belt,poyas
правда,truth,pravda
правило,rule,pravilo
правильно,correctly,pravilʹno
правительство,government,pravitelʹstvo
право,right,pravo
правый,right,pravȳĭ
праздник,holiday,prazdnik
практически,practically,prakticheski
превратиться,to turn into,prevratitʹsya
предел,limit,predel
предлагать,to propose,predlagatʹ
предложение,proposal,predlozhenie
предложить,to offer,predlozhitʹ
предмет,object,predmet
предприятие,enterprise,predpriyatie
председатель,chairman,predsedatelʹ
представитель,representative,predstavitelʹ
представить,to present,predstavitʹ
представление,presentation; idea,predstavlenie
представлять,to represent,predstavlyatʹ
предстоять,to be in prospect,predstoyatʹ
прежде,previously; before,prezhde
прежний,former,prezhniĭ
президент,president,prezident
прекрасно,wonderful,prekrasno
прекрасный,splendid; fine,prekrasnȳĭ
преступление,crime,prestuplenie
при,at; with; at the time of,pri
приближаться,to approach,priblizhatʹsya
прибыть,to arrive,pribȳtʹ
привезти,to bring,privezti
привести,to bring; to lead,privesti
приводить,to bring,privoditʹ
привыкнуть,to get used,privȳknutʹ
привычка,habit,privȳchka
привычный,customary,privȳchnȳĭ
пригласить,to invite,priglasitʹ
придумать,to invent; to contrive,pridumatʹ
приезжать,to arrive,priezzhatʹ
прием,admission,priem
приехать,to arrive,priekhatʹ
признак,sign,priznak
признать,to recognize,priznatʹ
признаться,to confess; to acknowledge,priznatʹsya
прийти,to come,priĭti
прийтись,to come; to fall within,priĭtisʹ
приказ,order,prikaz
приказать,to order,prikazatʹ
прикрыть,to cover,prikrȳtʹ
пример,example,primer
примерно,approximately,primerno
принадлежать,to belong,prinadlezhatʹ
принести,to bring; to yield,prinesti
принимать,to accept,prinimatʹ
приносить,to bring,prinositʹ
принцип,principle,printsip
принятый,accepted,prinyatȳĭ
принять,to accept,prinyatʹ
приняться,to start,prinyatʹsya
природа,nature,priroda
прислать,to send,prislatʹ
приходить,to come,prikhoditʹ
приходиться,must; to come; to fall within,prikhoditʹsya
причем,moreover; at that,prichem
причина,reason,prichina
пришлый,alien; newly come,prishlȳĭ
приятель,friend,priyatelʹ
приятно,enjoyably,priyatno
приятный,pleasant,priyatnȳĭ
про,about,pro
проблема,problem,problema
проверить,to verify,proveritʹ
провести,to lead; to carry out,provesti
проводить,to spend,provoditʹ
проговорить,to speak,progovoritʹ
программа,program,programma
продать,to sell,prodatʹ
продолжать,to continue,prodolzhatʹ
продолжаться,to continue,prodolzhatʹsya
продукт,product,produkt
проект,project,proekt
прожить,to live,prozhitʹ
произвести,to produce,proizvesti
производство,production,proizvodstvo
произнести,to say; to pronounce,proiznesti
произойти,to occur,proizoĭti
происходить,to occur; to descend from,proiskhoditʹ
пройти,to pass,proĭti
проклятый,cursed,proklyatȳĭ
пропасть,disappear,propastʹ
просить,to ask,prositʹ
проснуться,to awake,prosnutʹsya
простить,to forgive,prostitʹ
просто,simply,prosto
простой,simple,prostoĭ
пространство,space,prostranstvo
просьба,request,prosʹba
против,against,protiv
противник,enemy,protivnik
протянуть,to stretch,protyanutʹ
профессор,professor,professor
проходить,to pass,prokhoditʹ
процент,percentage,protsent
процесс,process,protsess
прочее,other; miscellaneous,prochee
прочесть,to read,prochestʹ
прочий,other,prochiĭ
прочитать,to read,prochitatʹ
прошлый,past; last,proshlȳĭ
прямо,directly,pryamo
прямой,straight,pryamoĭ
птица,bird,ptitsa
пуля,bullet,pulya
пункт,point,punkt
пускать,to release,puskatʹ
пустить,to release,pustitʹ
пустой,empty,pustoĭ
пусть,let,pustʹ
путь,way,putʹ
пыль,dust,pȳlʹ
пытаться,to try,pȳtatʹsya
пьяный,drunk,pʹyanȳĭ
пятнадцать,fifteen,pyatnadtsatʹ
пятно,spot,pyatno
пятый,fifth,pyatȳĭ
пять,five,pyatʹ
пятьдесят,fifty,pyatʹdesyat
работа,work,rabota
работать,to work,rabotatʹ
работник,worker,rabotnik
рабочий,worker&#39;s; working,rabochiĭ
равно,equally,ravno
рада,ukrainian parlament,rada
ради,for the sake of; because of,radi
радоваться,to be glad,radovatʹsya
радость,joy; pleasure,radostʹ
раз,time; once,raz
разве,perhaps; unless,razve
разведка,reconnaissance,razvedka
развитие,development,razvitie
разговаривать,to talk,razgovarivatʹ
разговор,conversation,razgovor
раздаться,be heard,razdatʹsya
различный,different; various,razlichnȳĭ
размер,size,razmer
разница,difference,raznitsa
разный,different,raznȳĭ
разобраться,to understand; to unpack,razobratʹsya
разрешить,to permit; to solve,razreshitʹ
разуметься,be meant; be understood,razumetʹsya
район,area,raĭon
ракета,rocket,raketa
рана,wound,rana
ранний,early,ranniĭ
рано,early,rano
рассказ,story,rasskaz
рассказать,to tell,rasskazatʹ
рассказывать,to tell,rasskazȳvatʹ
рассматривать,to examine,rassmatrivatʹ
расстояние,distance,rasstoyanie
расти,to grow,rasti
расчет,calculation,raschet
реакция,reaction,reaktsiya
реальный,real,realʹnȳĭ
ребенок,child,rebenok
ребята,children,rebyata
революция,revolution,revolyutsiya
редкий,rare,redkiĭ
редко,rarely,redko
режим,regime,rezhim
резкий,sharp; harsh; keen,rezkiĭ
резко,sharply,rezko
результат,result,rezulʹtat
река,river,reka
республика,republic,respublika
ресторан,restaurant,restoran
речь,speech,rechʹ
решать,to decide; to solve,reshatʹ
решение,decision,reshenie
решительно,decisively,reshitelʹno
решить,to solve,reshitʹ
ровно,exactly; precisely,rovno
род,family; kin; kind,rod
родина,native land,rodina
родитель,parent,roditelʹ
родиться,to be borne,roditʹsya
родной,native,rodnoĭ
родственник,relative,rodstvennik
рождение,birth,rozhdenie
розовый,pink,rozovȳĭ
роль,role,rolʹ
роман,novel,roman
российский,of the Russian Federation,rossiĭskiĭ
россия,russia,rossiya
рост,growth,rost
рот,mouth,rot
рота,company(military); squadron,rota
рубашка,shirt; chemise,rubashka
рубль,rouble,rublʹ
рука,hand,ruka
рукав,sleeve,rukav
руководитель,leader,rukovoditelʹ
руководство,management,rukovodstvo
русский,russian,russkiĭ
русский,russian,russkiĭ
ручка,knob; pen,ruchka
рыба,fish,rȳba
рыжий,red,rȳzhiĭ
рынок,market,rȳnok
ряд,row; line,ryad
с,with; from; since,s
сад,garden,sad
садиться,to sit down,saditʹsya
сам,myself; yourself; itself,sam
самолет,aircraft; aeroplane,samolet
самый,most,samȳĭ
сапог,boot,sapog
сведение,information,svedenie
свежий,fresh,svezhiĭ
сверху,on top; from above,sverkhu
свет,light,svet
светлый,bright,svetlȳĭ
свидетель,witness,svidetelʹ
свобода,freedom,svoboda
свободный,free,svobodnȳĭ
свое,its; own,svoe
свой,its; own,svoĭ
связанный,connected; bundled,svyazannȳĭ
связь,communication,svyazʹ
святой,saint,svyatoĭ
сдать,to return,sdatʹ
сделать,to make,sdelatʹ
сделаться,to make,sdelatʹsya
себя,myself; himself; herself; itself,sebya
север,north,sever
северный,northern,severnȳĭ
сегодня,today,segodnya
седой,grey,sedoĭ
сей,this,seĭ
сейчас,now,seĭchas
секретарь,secretary,sekretarʹ
секунда,second,sekunda
семейный,family,semeĭnȳĭ
семь,seven,semʹ
семья,family,semʹya
сентябрь,september,sentyabrʹ
сердце,heart,serdtse
середина,middle,seredina
сержант,sergeant,serzhant
серый,grey,serȳĭ
серьезно,seriously,serʹezno
серьезный,serious,serʹeznȳĭ
сестра,sister,sestra
сесть,to sit down,sestʹ
сеть,network; netting,setʹ
сзади,behind,szadi
сигарета,cigarette,sigareta
сидеть,to sit,sidetʹ
сила,force,sila
сильно,strongly,silʹno
сильный,strong,silʹnȳĭ
синий,blue,siniĭ
система,system,sistema
ситуация,situation,situatsiya
сказать,to tell,skazatʹ
скала,cliff,skala
сквозь,through,skvozʹ
склад,storage,sklad
сколько,how many; how much,skolʹko
скоро,soon,skoro
скорость,speed,skorostʹ
скорый,fast,skorȳĭ
скрывать,to hide; to conceal,skrȳvatʹ
скрыться,to be hidden,skrȳtʹsya
слабый,weak,slabȳĭ
слава,glory,slava
слать,to send; to dispatch,slatʹ
слегка,slightly,slegka
след,trace,sled
следить,to watch; to follow,sleditʹ
следователь,inspector,sledovatelʹ
следовать,to follow,sledovatʹ
следствие,consequence; investigation,sledstvie
следующий,following,sleduyushchiĭ
слеза,tear,sleza
слишком,too,slishkom
слово,word,slovo
сложный,complex,slozhnȳĭ
слой,layer,sloĭ
служба,service,sluzhba
служить,to serve,sluzhitʹ
слух,rumor,slukh
случай,case,sluchaĭ
случайно,by chance,sluchaĭno
случиться,to happen,sluchitʹsya
слушать,to listen,slushatʹ
слышать,to hear,slȳshatʹ
слышно,audibly,slȳshno
смерть,death,smertʹ
смех,laughter,smekh
смеяться,to laugh,smeyatʹsya
смотреть,to look,smotretʹ
смочь,can,smochʹ
смысл,sense,smȳsl
сначала,first,snachala
снег,snow,sneg
снимать,to remove,snimatʹ
снова,again,snova
снять,to remove,snyatʹ
собака,dog,sobaka
собирать,to gather,sobiratʹ
собираться,to gather,sobiratʹsya
собрание,meeting,sobranie
собрать,to gather,sobratʹ
собраться,to gather,sobratʹsya
собственно,strictly,sobstvenno
собственный,own,sobstvennȳĭ
событие,event,sobȳtie
совершенно,absolutely,sovershenno
совершить,to accomplish; to commit,sovershitʹ
совесть,conscience,sovestʹ
совет,advice,sovet
советский,soviet,sovetskiĭ
современный,modern,sovremennȳĭ
совсем,absolutely,sovsem
согласиться,to agree,soglasitʹsya
согласный,agreeable,soglasnȳĭ
содержание,content,soderzhanie
сожаление,regret,sozhalenie
создавать,to create,sozdavatʹ
создание,creation,sozdanie
создать,to create,sozdatʹ
сознание,consciousness,soznanie
сойти,to descend,soĭti
солдат,soldier,soldat
солнечный,sunny; solar,solnechnȳĭ
солнце,sun,solntse
сомневаться,to doubt,somnevatʹsya
сомнение,doubt,somnenie
сон,dream,son
сообразить,to consider; to grasp,soobrazitʹ
сообщать,to let know; to report,soobshchatʹ
сообщение,message; information,soobshchenie
сообщить,to inform,soobshchitʹ
соответствующий,appropriate,sootvetstvuyushchiĭ
сорок,forty,sorok
сосед,neighbour,sosed
соседний,neighboring; adjacent,sosedniĭ
состав,composition; structure,sostav
составить,to comprise,sostavitʹ
составлять,to comprise,sostavlyatʹ
состояние,condition,sostoyanie
состоять,to consist,sostoyatʹ
состояться,to take place,sostoyatʹsya
сотня,hundred,sotnya
сотрудник,colleague,sotrudnik
сохранить,to preserve,sokhranitʹ
социальный,social,sotsialʹnȳĭ
союз,union,soyuz
спасибо,thanks,spasibo
спасти,to save,spasti
спасть,to fall; to decline,spastʹ
спать,to sleep,spatʹ
сперва,first,sperva
специалист,specialist,spetsialist
специально,specially; intentionally,spetsialʹno
специальный,special,spetsialʹnȳĭ
спешить,to hurry,speshitʹ
спина,back,spina
список,list,spisok
спокойно,calmly; easy,spokoĭno
спокойный,calm,spokoĭnȳĭ
спорить,to argue,sporitʹ
способ,method,sposob
способность,ability,sposobnostʹ
способный,capable; talented,sposobnȳĭ
справа,to the right,sprava
спрашивать,to ask,sprashivatʹ
спросить,to ask,sprositʹ
спрятать,to hide,spryatatʹ
спуститься,to go down,spustitʹsya
спустя,after; later,spustya
сравнение,comparison,sravnenie
сразу,at once,srazu
среда,environment; wednesday,sreda
среди,among,sredi
средний,average,sredniĭ
средство,means,sredstvo
срок,period,srok
ссср,ussr,sssr
ставить,to put; to place,stavitʹ
стакан,glass container,stakan
становиться,to become,stanovitʹsya
станция,station,stantsiya
стараться,to try,staratʹsya
старик,old man,starik
старуха,old woman,starukha
старший,senior,starshiĭ
старшина,first sergeant,starshina
старый,old,starȳĭ
стать,to become,statʹ
статья,article; clause,statʹya
ствол,stem,stvol
стекло,glass,steklo
стена,wall,stena
стена,wall,stena
стенка,wall,stenka
степень,degree,stepenʹ
стихи,verses,stikhi
сто,hundred,sto
стоить,to cost,stoitʹ
стол,table,stol
столик,table,stolik
столица,capital city,stolitsa
столовый,table,stolovȳĭ
столь,so; such,stolʹ
столько,so many,stolʹko
сторона,side,storona
стоять,to stand,stoyatʹ
страдать,to suffer,stradatʹ
страна,country,strana
страница,page,stranitsa
странно,strange,stranno
странный,strange,strannȳĭ
страсть,passion,strastʹ
страх,fear,strakh
страшно,terribly; ghastly,strashno
страшный,terrible,strashnȳĭ
стрелять,to shoot,strelyatʹ
стремиться,to strive,stremitʹsya
строгий,strict,strogiĭ
строго,strict,strogo
строительство,building,stroitelʹstvo
строить,to construct; to build,stroitʹ
строй,system,stroĭ
структура,structure,struktura
студент,student,student
стул,chair,stul
стучать,to knock,stuchatʹ
стыдный,shameful,stȳdnȳĭ
суд,court,sud
судить,to judge,suditʹ
судьба,destiny,sudʹba
сумасшедший,mad,sumasshedshiĭ
суметь,to be able,sumetʹ
сумка,bag,sumka
сумма,sum,summa
сунуть,to pop into; to put,sunutʹ
сутки,twenty-four hours,sutki
суть,essence,sutʹ
сухой,dry,sukhoĭ
существо,creature; essence,sushchestvo
существование,existence,sushchestvovanie
существовать,to exist,sushchestvovatʹ
сущность,essence,sushchnostʹ
схватить,to seize; to grip,skhvatitʹ
сходить,to get off; to descend,skhoditʹ
сцена,scene,stsena
счастливый,happy,schastlivȳĭ
счастье,happiness,schastʹe
счет,account,schet
считать,to consider; to count,schitatʹ
считаться,to be counted,schitatʹsya
сша,usa,ssha
съесть,to eat,sʺestʹ
сын,son,sȳn
сюда,here; this way,syuda
тайна,secret,taĭna
тайный,secret,taĭnȳĭ
так,so; thus,tak
также,also,takzhe
таки,still; after all; in spite of,taki
таков,such,takov
такой,such,takoĭ
там,there,tam
танк,tank; land battleship,tank
тарелка,plate,tarelka
тащить,to drag,tashchitʹ
твердо,solidly,tverdo
твердый,solid,tverdȳĭ
твой,yours; thy,tvoĭ
театр,theater,teatr
текст,text,tekst
телевизор,television set,televizor
телефон,phone,telefon
телефонный,telephone,telefonnȳĭ
тело,body,telo
тема,theme,tema
темно,dark; gloomy,temno
темнота,darkness,temnota
темный,dark,temnȳĭ
температура,temperature,temperatura
тень,shadow,tenʹ
теория,theory,teoriya
теперь,now,teperʹ
тепло,warmth; heat,teplo
теплый,warm,teplȳĭ
терпеть,to tolerate; to suffer,terpetʹ
территория,territory,territoriya
терять,to lose,teryatʹ
тетя,aunt,tetya
техника,technology,tekhnika
технический,technical,tekhnicheskiĭ
течение,current; flow,techenie
тип,type,tip
тихий,silent; quiet,tikhiĭ
тихо,silently,tikho
тишина,silence,tishina
товар,goods,tovar
товарищ,comrade,tovarishch
тогда,then,togda
тоже,too,tozhe
толк,sense,tolk
толпа,crowd,tolpa
толстый,thick; fat,tolstȳĭ
только,only,tolʹko
тон,tone,ton
тонкий,thin,tonkiĭ
топор,axe,topor
торопиться,to hurry,toropitʹsya
торчать,to stick out,torchatʹ
тоска,melancholy,toska
тот,that,tot
тотчас,immediately,totchas
точка,point,tochka
точно,precisely,tochno
точный,precise,tochnȳĭ
трава,grass,trava
требовать,to demand,trebovatʹ
требоваться,to be required,trebovatʹsya
тревога,anxiety,trevoga
третий,third,tretiĭ
три,three,tri
тридцать,thirty,tridtsatʹ
трое,three,troe
труба,pipe,truba
трубка,tube,trubka
труд,labour; work,trud
трудно,difficult,trudno
трудный,difficult,trudnȳĭ
труп,corpse,trup
туда,there,tuda
туман,fog,tuman
тут,here,tut
ты,you; thou,tȳ
тысяча,one thousand,tȳsyacha
тюрьма,prison,tyurʹma
тяжело,heavily; hard,tyazhelo
тяжелый,heavy,tyazhelȳĭ
тянуть,to pull,tyanutʹ
тянуться,to be pulled,tyanutʹsya
у,at; close to,u
убедиться,to be convinced,ubeditʹsya
убивать,to kill,ubivatʹ
убийство,murder,ubiĭstvo
убийца,killer,ubiĭtsa
убитый,killed,ubitȳĭ
убить,to kill,ubitʹ
уверенный,confident,uverennȳĭ
увидеть,to see,uvidetʹ
угодный,acceptable,ugodnȳĭ
угол,corner,ugol
удар,blow; impact,udar
ударить,to strike,udaritʹ
удаться,to succeed,udatʹsya
удивительный,surprising; amazing,udivitelʹnȳĭ
удивиться,to be surprised,udivitʹsya
удивление,surprise,udivlenie
удивляться,to be surprised,udivlyatʹsya
удовольствие,pleasure,udovolʹstvie
уехать,to leave,uekhatʹ
ужас,horror,uzhas
уже уж,already,uzhe uzh
узкий,narrow,uzkiĭ
узнать,to learn; to recognize,uznatʹ
уйти,to leave,uĭti
указать,to indicate; to point out,ukazatʹ
улица,street,ulitsa
улыбаться,to smile,ulȳbatʹsya
улыбка,smile,ulȳbka
улыбнуться,to smile,ulȳbnutʹsya
ум,mind,um
умереть,to die,umeretʹ
уметь,to know how; to be able,umetʹ
умирать,to die,umiratʹ
умный,clever,umnȳĭ
университет,university,universitet
уничтожить,to destroy,unichtozhitʹ
упасть,to fall,upastʹ
управление,management,upravlenie
уровень,level,urovenʹ
урок,lesson,urok
усилие,effort,usilie
условие,condition,uslovie
услышать,to hear,uslȳshatʹ
усмехнуться,to smile; to sneer,usmekhnutʹsya
успеть,to be in time,uspetʹ
успех,success,uspekh
успокоиться,to be quieted,uspokoitʹsya
установить,to establish,ustanovitʹ
устать,to get tired,ustatʹ
устроить,to arrange,ustroitʹ
устройство,device,ustroĭstvo
усы,moustache,usȳ
утверждать,to assert,utverzhdatʹ
утро,morning,utro
ухо,ear,ukho
уходить,to leave; to go away,ukhoditʹ
участвовать,to participate,uchastvovatʹ
участие,participation,uchastie
участник,participant,uchastnik
участок,section,uchastok
ученик,student,uchenik
ученый,scientific; trained,uchenȳĭ
учитель,teacher,uchitelʹ
учить,to teach; to learn,uchitʹ
учиться,to study,uchitʹsya
файл,file,faĭl
факт,fact,fakt
фамилия,surname,familiya
фигура,figure,figura
физический,physical,fizicheskiĭ
фильм,film,filʹm
фирма,firm,firma
фон,background,fon
фонарь,lamp,fonarʹ
форма,form,forma
фотография,photograph,fotografiya
фраза,phrase,fraza
французский,french,frantsuzskiĭ
фронт,front,front
функция,function,funktsiya
характер,character,kharakter
хватать,to suffice; to grasp,khvatatʹ
хватить,to suffice,khvatitʹ
хвост,tail,khvost
хлеб,bread,khleb
ход,course,khod
ходить,to walk; to go,khoditʹ
хозяин,owner,khozyain
хозяйка,mistress; housewife,khozyaĭka
хозяйство,economy; farm,khozyaĭstvo
холм,hill,kholm
холод,cold,kholod
холодный,cold,kholodnȳĭ
хороший,good,khoroshiĭ
хорошо,well,khorosho
хотеть,to want,khotetʹ
хотеться,to be wanted,khotetʹsya
хоть,even; though,khotʹ
хотя,although; though,khotya
храм,temple,khram
художник,artist,khudozhnik
худой,thin,khudoĭ
царь,emperor,tsarʹ
цвет,color,tsvet
цветок,flower,tsvetok
целый,whole,tselȳĭ
цель,purpose,tselʹ
цена,price,tsena
центр,center,tsentr
центральный,central,tsentralʹnȳĭ
церковь,church,tserkovʹ
чай,tea,chaĭ
час,hour,chas
частный,private,chastnȳĭ
часто,often,chasto
частый,frequent,chastȳĭ
часть,part,chastʹ
чей,whose,cheĭ
человек,person,chelovek
человеческий,human,chelovecheskiĭ
человечество,humanity,chelovechestvo
чем,than; instead of,chem
чемодан,suitcase; trunk,chemodan
через,across; through; after,cherez
черный,black,chernȳĭ
черный,black,chernȳĭ
черта,feature,cherta
черта,features,cherta
честно,honestly,chestno
честный,honest,chestnȳĭ
честь,honor,chestʹ
четвертый,fourth,chetvertȳĭ
четыре,four,chetȳre
чиновник,official,chinovnik
число,number; date,chislo
чисто,cleanly,chisto
чистый,pure; clean,chistȳĭ
читатель,reader,chitatelʹ
читать,to read,chitatʹ
член,member,chlen
что,that,chto
что,that; which,chto
чтоб чтобы,so that; in order to,chtob chtobȳ
чувство,feeling,chuvstvo
чувствовать,to feel,chuvstvovatʹ
чудо,miracle,chudo
чужой,another&#39;s,chuzhoĭ
чуть,hardly; only,chutʹ
шаг,step,shag
шапка,cap; hat,shapka
шепот,whisper,shepot
шесть,six,shestʹ
шея,neck,sheya
шинель,overcoat; uniform jacket,shinelʹ
широкий,wide,shirokiĭ
широко,wide,shiroko
шкаф,cabinet,shkaf
школа,school,shkola
шоссе,highway,shosse
шофер,driver,shofer
штаб,headquarters(military),shtab
штаны,pants,shtanȳ
штука,piece; thing,shtuka
шум,noise,shum
шутка,joke,shutka
щека,cheek,shcheka
экономика,economy,ékonomika
экономический,economic,ékonomicheskiĭ
экран,screen,ékran
электронный,electronic,élektronnȳĭ
элемент,element,élement
энергия,energy,énergiya
этаж,floor; level of a building,étazh
это,this; it,éto
этот,this,étot
эхо,echo,ékho
южный,southern,yuzhnȳĭ
юный,young,yunȳĭ
я,I,ya
явиться,to appear,yavitʹsya
явление,phenomenon; appearance,yavlenie
являться,to appear,yavlyatʹsya
явно,clearly,yavno
язык,language,yazȳk
яркий,bright,yarkiĭ
ясно,clearly,yasno
ясный,clear,yasnȳĭ
ящик,box,yashchik
