ドイツ語,日本語,英語,フランス語,イタリア語,スペイン語,ギリシャ語,ロシア語,デンマーク後,簡体字
de,ja,en,fr,it,es,el,ru,da,zh
ab,あちらへ,away,une façon,lontano,lejos,Μακριά,прочь,væk,离开
aber,しかし,but,mais,ma,pero,αλλά,но,men,但
Aberration,収差,Aberration,Aberration,Aberrazione,Aberración,Εκτροπή,Аберрация,Aberration,畸变
Aberrationsgesetz,異常法,Aberration law,Droit d'aberration,Legge sull'aberrazione,Ley de aberración,Εκτροπή του νόμου,Закон аберрации,Aberrationslov,畸变法
abgeben,引き渡す,hand over,remettre,devolvere,Entregar,παραδίνω,сдавать,hånd over,交出
abhängig,依存,dependent,dépendant,dipendente,dependiente,εξαρτώμενος,зависимый,afhængig,依赖
Ableitung,導出,Derivation,Dérivation,Derivazione,Derivación,Παραγωγή,Вывод,Afledning,推导
Ablenkbarkeit,多様性,Diversibility,Diversibilité,Diversibilità,Diversibilidad,Διαφορότης,Разнообразие,Diversitet,多样性
ablenken,順番,turn,tour,giro,giro,στροφή,повернуть,tur,转动
absolut,絶対,absolutely,Tout à fait,assolutamente,absolutamente,απολύτως,абсолютно,absolut,绝对地
Abstand,距離,Distance,Distance,Distanza,Distancia,Απόσταση,Расстояние,Afstand,距离
Abstraktion,抽象化,abstraction,abstraction,astrazione,abstracción,αφαίρεση,абстракция,abstraktion,抽象
Achse,軸,axis,axe,asse,eje,άξονας,ось,akse,轴
Additionstheorem,追加定理,Addition theorem,Théorème d'addition,Teorema aggiuntivo,Teorema de suma,Επιπλέον θεώρημα,Дополнительная теорема,Tilføjelse af sætning,添加定理
additive,添加物,additives,additifs,additivi,aditivos,πρόσθετα,добавки,Tilsætningsstoffer,添加剂
ähnlicher,もっと似ています,more similar,plus similaire,più simile,más similar,Παρόμοια,более похожие,mere lignende,更相似
all,alles,Alles,Alles,Alles,Ales,Υπαίθρια,Аллес,Alles,Alles
alle,みんな,Everyone,Tout le monde,Tutti,Todo el mundo,Ολοι,Каждый,Alle sammen,每个人
allerdings,それはそう,Indeed,En effet,Infatti,Por cierto,Πράγματι,Верно,Ja,的确
allgemein,全般的,general,général,generale,general,γενικός,Генеральная,generel,一般的
Allgemeinheit,一般性,Generality,Généralité,Generalità,Generalidad,Γενικότητα,Общность,Generalitet,概论
als,なので,as,comme,come,como,όπως και,в качестве,som,作为
also,それで,so,alors,Così,asi que,Έτσι,так,så,所以
am,で,at the,au,al,en el,στο,в,ved,在
Amplitude,振幅,amplitude,amplitude,ampiezza,amplitud,εύρος,амплитуда,amplitude,振幅
an,の上,on,sur,Su,en,επί,на,på,上
analoge,アナログ,analog,analogique,analogico,cosa análoga,αναλογικό,аналоговый,Analog,类似物
Analoges,類似,Analogous,Analogue,Analogo,Análogo,Ανάλογος,Аналогичный,Analog,类似
andere,他の,other,autre,Altro,otro,άλλα,Другой,Andet,其他
ändern,変化する,change,monnaie,modificare,cambio,αλλαγή,сдача,lave om,改变
Änderung,変形,modification,modification,modifica,modificación,τροποποίηση,модификация,modifikation,修改
Anfang,始まり,beginning,début,inizio,comienzo,αρχή,начало,starten,开始
Anfangs,初めに,At first,En premier,All'inizio,En primer lugar,Αρχικά,Во-первых,Først,首先
Anfangsgeschwindigkeit,初期速度,Initial speed,Vitesse initiale,Velocità iniziale,Velocidad inicial,Αρχική ταχύτητα,Начальная скорость,Oprindelig hastighed,初始速度
Anfangslage,初期の状況,Initial situation,Situation initiale,Situazione iniziale,Situación inicial,Αρχική κατάσταση,Первоначальный ситуация,Den oprindelige situation,最初情况
Anfangspunkt,出発点,Starting point,Point de départ,Punto di partenza,Punto de partida,Αφετηρία,Отправная точка,Udgangspunktet,初始点
Anfangspunkte,初期点,Initial points,Points initiaux,Punti iniziali,Puntos iniciales,Αρχικά σημεία,Начальные точки,Indledende punkter,初始点
Angabe,仕様,specification,spécification,specifica,especificación,προσδιορισμός,Технические характеристики,Specifikation,规格
Angaben,宣言,Declarations,Déclarations,Dichiarazioni,Declaraciones,Δηλώσεις,Декларации,Erklæringer,声明
angebracht,適切な,appropriate,approprié,adeguata,adecuado,κατάλληλος,соответствующий,passende,合适的
angeführte,リストされています,listed,répertorié,elencato,listado,εγγεγραμμένος,перечислен,Listet,列出
angeführten,リストされています,listed,répertorié,elencato,listado,εγγεγραμμένος,перечислен,Listet,列出
angegebenen,指定,specified,spécifié,specificato,especificado,καθορισμένος,указано,specificeret,指定的
angenommen,想定されています,assumed,assumé,presunto,ficticio,υποτίθεται,предполагается,antages,假定
angibt,示されています,indicated,indiqué,indicato,indicado,υποδεικνυόμενος,указано,angivet,表明的
Ankommen,到着,Arrive,Arriver,Arrivare,Llegar,Φθάνω,Прибыть,Ankomme,到达
Ankunft,到着,arrival,Arrivées,arrivo,llegada,άφιξη,прибытие,ankomst,到达
anlange,インシデント,incident,incident,incidente,incidente,περιστατικό,инцидент,utilsigtet hændelse,事件
Anlegen,投資,Invest,Investir,Investire,Invertir,Επενδύω,Инвестировать,Investere,投资
Anlehnung,傾く,Leaning,Penché,Pendente,Propensión,Κλίση,Наклоняющийся,Læner sig,倾斜
annähernd,ほぼ,nearly,presque,quasi,por poco,σχεδόν,Около,næsten,几乎
Annäherung,和解,Rapprochement,Rapprochement,Riavvicinamento,Acercamiento,Προσέγγιση,Спред,Tilnærmelse,和睦
Annalen,年代記,annals,annales,annali,anales,χρονικά,Аннал,Annals,志
annehmen,受け入れる,accept,J'accepte,accettare,aceptar,αποδέχομαι,принимать,acceptere,接受
Anregung,刺激,Stimulation,Stimulation,Stimolazione,Estímulo,Διέγερση,Стимуляция,Stimulation,刺激
anwenden,使用する,use,utilisation,uso,usar,χρήση,использовать,brug,利用
anwendet,使用済み,used,utilisé,Usato,usó,μεταχειρισμένος,использовал,Brugt,用过的
Anwendung,応用,application,application,applicazione,solicitud,εφαρμογή,заявление,Ansøgning,应用
Anzahl,番号,number,Numéro,numero,número,αριθμός,количество,nummer,数字
anzubaften,禁止される,to be banned,pour être banni,essere bandito,Ser prohibido,να απαγορευτεί,быть запрещенным,at blive forbudt,被禁止
anzugeben,示す,indicate,indiquer,indicare,indicar,υποδεικνύω,указывать,angive,表明
anzunehmen,受け入れる,accept,J'accepte,accettare,aceptar,αποδέχομαι,принимать,acceptere,接受
anzusehen,見るために,to watch,regarder,guardare,ver,να δω,смотреть,at se,观看
äquivalent,に相当,equivalent to,équivalent à,equivalente a,equivalente a,ισοδυναμεί με,эквивалентно,svarende til,相当于
Arbeit,仕事,work,travailler,opera,trabajar,δουλειά,Работа,arbejde,工作
Arbeiten,働くために,To work,Travailler,Lavorare,Trabajar,Για να δουλέψω,Работать,At arbejde,去工作
Argument,口論,argument,dispute,discussione,argumento,διαφωνία,аргумент,argument,争论
Argumente,議論,Arguments,Arguments,argomenti,Argumentos,Επιχειρήματα,Аргументы,Argumenter,参数
Art,親切,Kind,Gentil,Genere,Tipo,Είδος,Добрый,Venlig,种类
Asymmetrie,非対称,asymmetry,asymétrie,asimmetria,asimetría,ασυμμετρία,асимметрия,Asymmetri,不对称
Asymmetrien,非対称,Asymmetries,Asymétries,Asimmetrie,Asimetrías,Ασυμμετρίες,Асимметрия,Asymmetrier,不对称
at,で,at,à,a,a,στο,в,på,在
Auch,また,Also,Aussi,Anche,También,Επίσης,Также,Også,还
Auf,の上,on,sur,Su,en,επί,на,på,上
aufeinander,お互いに,on each other,sur l'un et l'autre,l'uno sull'altro,el uno del otro,ο ένας στον άλλο,друг на друга,på hinanden,彼此
Auffassung,意見,opinion,opinion,opinione,opinión,γνώμη,мнение,mening,观点
Aufgabe,仕事,task,tâche,compito,tarea,έργο,задача,opgave,任务
aufgefaßt,要約,summarized,résumé,riassunto,resumido,συνοπτικός,суммировано,opsummeret,总结
aufgestellte,設定,set -up,d'installation,impostare,configurar,στήνω,настраивать,Opsætning,设置
aufgestellter,設定,set -up,d'installation,impostare,configurar,στήνω,настраивать,Opsætning,设置
Auflösen,溶かす,Dissolve,Dissoudre,Sciogliere,Disolver,Διαλύω,Растворить,Opløse,溶解
aufrechterhalten,維持,maintain,maintenir,mantenere,mantener,διατηρούν,поддерживать,opretholde,维持
aufs,に,onto,sur,su,sobre,επάνω σε,на,på,上
Aufsuchen,行きます,Go to,Aller à,Vai a,Ir,Παω σε,Перейти к,Gå til,去
auftreffende,直立,upright,droit,in posizione verticale,vertical,όρθιος,в вертикальном положении,oprejst,直立
auftretenden,発生,occurring,qui se produit,che si verifica,que ocurre,απαντώμενος,встречается,forekommer,发生
aufzählen,列挙します,enumerate,énumérer,enumerare,enumerar,απαριθμώ,перечислять,Tæller,枚举
aufzufassen,理解する,understand,comprendre,comprendere,comprender,καταλαβαίνουν,понять,forstå,理解
Auge,目,Eye,Œil,Occhio,Ojo,Μάτι,Глаз,Øje,眼睛
Augenblick,一瞬,moment,moment,momento,momento,στιγμή,мгновенный,øjeblik,片刻
Aus,out,Out of,Hors de,Fuori da,Fuera de,Εκτός,Снаружи,Ud af,在......之外
ausbreitet,展開する,spread,se propager,differenza,untado,εξάπλωση,распространять,spredning,传播
Ausbreitungsgeschwindig,広がり,Spreading,Diffusion,Diffusione,Extensión,Διάδοση,Распространяющийся,Breder sig,蔓延
Ausdruck,表現,Expression,Expression,Espressione,Expresión,Εκφραση,Выражение,Udtryk,表达
ausdrücken,表現するために,to express,exprimer,esprimere,para expresar,να εκφράσουν,выражать,at udtrykke,表达
Ausdrucksweise,表現モード,Mode of expression,Mode d'expression,Modalità di espressione,Modo de expresión,Τρόπος έκφρασης,Способ выражения,Udtrykstilstand,表达方式
ausdrückt,表現,expressed,exprimé,espresso,expresado,εκφρασμένος,выражен,gav udtryk for,表达
Ausgangspunkt,出発点,starting point,point de départ,punto di partenza,punto de partida,αφετηρία,отправная точка,Udgangspunktet,初始点
ausgedrückt,表現,expressed,exprimé,espresso,expresado,εκφρασμένος,выражен,gav udtryk for,表达
ausgehenden,発信,outgoing,sortant,estroverso,extrovertido,εξερχόμενος,исходящий,udadvendt,外向
ausgemessen,測定,measured,mesuré,misurato,Medido,μετρημένος,измеренный,målt,测量
ausgesandt,放出,emitted,émis,emesso,emitido,εκπέμπεται,испускаемый,udsendes,发出
ausgesandten,放出,emitted,émis,emesso,emitido,εκπέμπεται,испускаемый,udsendes,发出
ausgestatteter,装備,equipped,équipé,equipaggiato,equipado,εξοπλισμένος,оснащен,udstyret,设备齐全
ausgeübten,加えられました,exerted,exercé,esercitato,ejercido,ασκημένος,нагружен,udøves,施加了
Aussagen,証言します,Testify,Témoigner,Testimoniare,Testificar,Καταθέτω,Свидетельствовать,Vidner,作证
ausschließ,除外,excluding,à l'exclusion,escluso,Excluyendo,εξαιρούμενος,исключая,eksklusive,排除
außer,を除外する,except,à l'exception,tranne,excepto,εκτός,кроме,undtagen,除了
außerdem,それに加えて,in addition to that,en plus de ça,in aggiunta a ciò,además de eso,Εκτός από αυτό,в дополнение к этому,Derudover,在此之上
ausübe,エクササイズ,exercise,exercer,esercizio,ejercicio,άσκηση,упражнение,dyrke motion,锻炼
auszudrücken,特急,express,Express,esprimere,Rápido,εξπρές,выражать,Express,表示
auszumessenden,露出する,to be exposed,être exposé,essere esposto,estar expuesto,να εκτεθεί,быть выставленным,at blive udsat,被暴露
auszumessender,露出する,to be exposed,être exposé,essere esposto,estar expuesto,να εκτεθεί,быть выставленным,at blive udsat,被暴露
Bahn,レール,Rail,Rail,Rotaia,Carril,Ράγα,Железнодорожный,Jernbane,轨
Be,なれ,Be,Être,Essere,Ser,Είναι,Быть,Være,是
beachtet,観察,observed,observé,osservato,observado,παρατηρημένος,наблюдаемый,observeret,观察到的
bedeuten,平均,mean,moyenne,significare,significar,σημαίνω,иметь в виду,betyde,意思是
bedeutet,意味,means,moyens,significa,medio,που σημαίνει,означает,midler,方法
Bedeutung,意味,meaning,sens,significato,sentido,έννοια,значение,betyder,意义
Bedingungen,条件,conditions,les conditions,condizioni,condiciones,συνθήκες,условия,betingelser,条件
beeinflussen,影響,influence,rayonnement,influenza,influencia,επιρροή,влияние,indflydelse,影响
beeinflußt,影響を受けた,influenced,influencé,influenzato,influenciado,επιρροή,под влиянием,påvirket,受影响
befähigt,有能,capable,capable,capace,capaz,ικανός,способный,i stand til at,有能力的
befänden,主張,insistence,insistance,insistenza,insistencia,επιμονή,настойчивость,insistering,坚持
befinde,探す,find,trouver,trova,encontrar,εύρημα,найти,finde,寻找
Befinden,調子,Condition,Condition,Condizione,Condición,Κατάσταση,Условие,Tilstand,健康）状况
Befindet,位置した,Located,Situé,Situato,Situado,Τοποθετημένος,Расположен,Befinde sig,位于
befindlich,位置した,located,situé,Situato,situado,τοποθετημένος,расположен,befinde sig,位于
befugt,許可,authorized,autorisé,autorizzato,autorizado,εξουσιοδοτημένο,уполномочен,autoriseret,授权
begnügen,満足すること,be satisfied,être satisfait,essere soddisfatto,estar satisfecho,ικανοποιημένος,быть довольным,være tilfreds,满意
Begriffe,条項,Terms,Conditions,Termini,Términos,Οροι,Условия,Vilkår,术语
begriffen,了解した,understood,entendu,inteso,comprendido,κατανοητό,понял,forstået,理解
begriffenes,条項,terms,termes,termini,términos,όροι,условия,vilkår,术语
behalten,保つ,to keep,garder,tenere,mantener,να διατηρήσω,хранить,At beholde,保持
behandelten,扱われた,treated,traité,trattato,tratado,αντιμετωπίζεται,обработанный,behandlet,治疗
bei,で,at,à,a,a,στο,в,på,在
beide,両方,both,tous les deux,Entrambi,ambas cosas,και τα δυο,оба,begge,两个都
beiden,両方,both,tous les deux,Entrambi,ambas cosas,και τα δυο,оба,begge,两个都
beider,の中に,in the,dans le,nel,en el,στο,у нее,I,在里面
beifügt,追加した,added,ajoutée,aggiunto,adicional,προστιθέμενος,добавлен,Tilføjet,添加
beigegeben,添付,attached,ci-joint,Allegata,adjunto,συνδεδεμένος,прикрепил,Vedhæftet,随附的
beilegen,囲まれます,enclose,joindre,accludere,encerrar,επισυνάπτω,приложить,vedlægge,括
beim,で,at the,au,al,en el,στο,в,ved,在
beimessen,食事中,during the meal,pendant le repas,durante il pasto,durante la comida,κατά τη διάρκεια του γεύματος,во время еды,Under måltidet,在用餐期间
Beispiele,例,Examples,Exemples,Esempi,Ejemplos,Παραδείγματα,Примеры,Eksempler,例子
beispielsweise,例えば,for example,par exemple,Per esempio,por ejemplo,για παράδειγμα,Например,for eksempel,例如
bekannt,知られています,known,connu,conosciuto,conocido,γνωστός,известен,Kendt,已知
beliebig,どれか,any,n'importe quel,qualunque,ningún,όποιος,Любые,nogen,任何
beliebige,どれか,any,n'importe quel,qualunque,ningún,όποιος,Любые,nogen,任何
beliebigen,どれか,any,n'importe quel,qualunque,ningún,όποιος,Любые,nogen,任何
beliebiger,どれか,any,n'importe quel,qualunque,ningún,όποιος,Любые,nogen,任何
bemerke,知らせ,notice,remarquer,Avviso,aviso,ειδοποίηση,уведомление,varsel,注意
bemerken,知らせ,notice,remarquer,Avviso,aviso,ειδοποίηση,уведомление,varsel,注意
bemerkenswert,顕著,remarkable,remarquable,notevole,Notable,αξιοσημείωτος,замечательный,bemærkelsesværdig,卓越
bemerkt,気がついた,noticed,remarqué,si accorse,observó,παρατηρημένος,обратил внимание,bemærket,注意到
benutzten,使用済み,used,utilisé,Usato,usó,μεταχειρισμένος,использовал,Brugt,用过的
Benutzung,使用する,use,utilisation,uso,usar,χρήση,использовать,brug,利用
beobachtbare,観察可能,observable,observable,osservabile,observable,αισθητός,наблюдаемый,observerbar,可观察
Beobachter,観察者,observer,observateur,osservatore,observador,παρατηρητής,наблюдатель,Observer,观察者
Beobachters,観察者,Observer,Observateur,Osservatore,Observador,Παρατηρητής,Наблюдатель,Observer,观察者
berechnen,計算する,to calculate,calculer,calcolare,calcular,να υπολογίσω,вычислять,at beregne,计算
bereits,すでに,already,déjà,già,ya,ήδη,уже,allerede,已经
Bern,バーン,Bern,Berne,Berna,Berneno,Βέρνη,Берн,Bern,伯尔尼
berücksichtigen,検討,consider,envisager,ritenere,considerar,σκεφτείτε,рассмотреть возможность,overveje,考虑
berücksichtigt,考慮されます,taken into account,pris en compte,preso in considerazione,tenido en cuenta,λαμβάνονται υπόψη,принять во внимание,tages hensyn til,考虑到
Berücksichtigung,考慮,Consideration,Considération,Considerazione,Consideración,Θεώρηση,Рассмотрение,Betragtning,考虑
Beschaffen,調達します,Procure,Procurer,Procurarsi,Obtener,Προμηθεύω,Закупать,Anskaffe,采购
beschaffene,作る,made,fabriqué,fatto,hecha,έκανε,сделанный,lavet,制成
Beschaffenheit,自然,nature,la nature,natura,naturaleza,φύση,природа,natur,自然
beschleunigt,加速,accelerated,accéléré,accelerato,acelerado,επιταχυνόμενος,ускорен,accelereret,加速
beschleunigten,加速,accelerated,accéléré,accelerato,acelerado,επιταχυνόμενος,ускорен,accelereret,加速
Beschleunigung,加速度,acceleration,accélération,accelerazione,aceleración,επιτάχυνση,ускорение,acceleration,加速度
Beschleunigungszahl,加速番号,Acceleration number,Numéro d'accélération,Numero di accelerazione,Número de aceleración,Αριθμός επιτάχυνσης,Ускорение номера,Accelerationsnummer,加速号码
Beschreibung,説明,description,la description,descrizione,descripción,περιγραφή,описание,beskrivelse,描述
besitzen,自分の,own,posséder,possedere,propio,το δικό,собственный,egen,自己的
besonderen,特別な,special,spécial,speciale,especial,ειδικός,специальный,særlig,特别的
beständig,耐性,resistant,résistant,resistente,resistente,ανθεκτικός,устойчивый,modstandsdygtig,抵抗的
bestimmen,決定,determine,déterminer,determinare,determinar,καθορίσει,определять,bestemme,决定
betrachten,由来,regard,qui concerne,considerare,respecto,σχέση,внимание,betragtning,看待
Betrachtung,考慮,Consideration,Considération,Considerazione,Consideración,Θεώρηση,Рассмотрение,Betragtning,考虑
Betrag,額,amount,montant,Quantità,Monto,ποσό,количество,beløb,数量
betreffen,影響,affect,affecter,influenzare,afectar,επηρεάζουν,оказывать воздействие,påvirke,影响
bewegen,動く,move,mouvement,muoversi,Muevete,κίνηση,шаг,bevæge sig,移动
Bewegung,動き,movement,mouvement,movimento,movimienot,κίνηση,движение,bevægelse,移动
Bewegungsenergie,マストエネルギー,Masting energy,Énergie,Energia per l'albero,Energía de mascotas,Ενέργεια μαστίγας,Мастерическая энергия,Masting energi,桅杆能量
Bewegungsgleichungen,動き方程式,Movement equations,Équations de mouvement,Equazioni del movimento,Ecuaciones de movimiento,Εξισώσεις κίνησης,Движение уравнения,Bevægelsesligninger,运动方程
Bewegungszustande,動きの動き,Movement of movement,Mouvement de mouvement,Movimento del movimento,Movimiento de movimiento,Κίνηση κίνησης,Движение движения,Bevægelse af bevægelse,运动的运动
Beweis,証拠,proof,preuve,prova,prueba,απόδειξη,доказательство,bevis,证明
beweisen,証明,prove,prouver,dimostrare,demostrar,αποδεικνύω,доказывать,bevise,证明
bezeichnen,説明,describe,décris,descrivere,describir,περιγράφω,описывать,beskrive,描述
beziehen,関連,relate,relater,relazionare,relatar,σχετίζομαι,относятся,forholde sig,涉及
Beziehung,関係,relationship,relation,relazione,relación,σχέση,отношение,forhold,关系
bezogen,ベース,based,basé,basato,establecido,με βάση,основанный на,baseret,基于
bezüglich,参照すると,with reference to,en référence à,in riferimento a,con referencia a,με αναφορά σε,со ссылкой на,med henvisning til,关于
bilden,形,form,formulaire,modulo,forma,μορφή,форма,form,形式
bis,それまで,until,jusqu'à,Fino a,Hasta que,μέχρι,до того как,så længe,直到
bisher,これまでのところ,so far,jusqu'à présent,finora,hasta aquí,μέχρι τώρα,уже,indtil nu,至今
bleibt,残っています,remains,restes,resti,restos,λείψανα,останки,forbliver,遗迹
braucht,ニーズ,needs,Besoins,necessità,necesidades,ανάγκες,потребности,Behov,需要
bringt,もたらす,brings,apporte,porta,trayera,προσφέρει,приносит,bringer,带来
charakterisiert,特徴付けられます,characterized,caractérisé,caratterizzato,caracterizada,χαρακτηρισμένος,охарактеризовано,karakteriseret,特征
da,そこの,there,là,là,allá,εκεί,там,der,那里
dadurch,それによって,thereby,ainsi,in tal modo,de este modo,εκ τούτου,тем самым,derved,从而
dafür,したがって,Therefore,Par conséquent,Perciò,Por lo tanto,Επομένως,Следовательно,Derfor,所以
dagegen,それに対して,against it,encontre,contro di esso,En contra,εναντίον του,против этого,imod det,反对
daher,したがって、,hence,Par conséquent,quindi,por eso,ως εκ τούτου,следовательно,Derfor,因此
damit,そうするには,in order to,pour,in modo da,con el fin de,ώστε να,чтобы,for at,为了
dann,それから,then,alors,poi,después,έπειτα,тогда,derefter,然后
darauf,その後,thereon,là,su di esso,al respecto,εκ τούτου,на этом,derpå,在那里
daraus,これから,from this,de cette,da questo,de esto,από αυτό,из этого,fra dette,由此
dargestellt,描かれています,depicted,représenté,rappresentato,representado,απεικονιζόμενος,изображен,afbildet,描绘
darstellenden,代表,representative,représentant,rappresentante,representante,εκπρόσωπος,представитель,repræsentant,代表
darüber,そのことについて,about that,à propos de ça,riguardo a questo,sobre eso,γι 'αυτό,об этом,om det,关于那个
darum,したがって,therefore,Donc,dunque,por lo tanto,επομένως,следовательно,derfor,所以
das,,the,la,il,la,ο,а,det,这
dasjenige,それ,that,ce,Quello,que,ότι,что,at,那
daß,それ,that,ce,Quello,que,ότι,что,at,那
dasselbe,同じこと,the same thing,la même chose,la stessa cosa,la misma cosa,το ίδιο πράγμα,тоже самое,det samme,同样的事情
dauern,過去,last,dernière,Ultimo,ultimo,τελευταίος,последний,sidst,最后的
dauernd,絶え間ない,constant,constant,costante,constante,συνεχής,постоянный,konstant,持续的
davon,それから,from that,à partir de ce,da quello,a partir de ese,από αυτό,От этого,fra det,因此
dazu,に,to,à,a,a,προς την,к,til,至
definieren,定義,define,définir,definire,definir,καθορίζω,определять,Definere,定义
definiert,定義されています,Are defined,Sont définis,Sono definiti,Están definidos,Ορίζονται,Определены,Er defineret,定义
definierte,定義されています,defined,défini,definito,definido,ορίζεται,определенный,defineret,定义
definierten,定義されています,defined,défini,definito,definido,ορίζεται,определенный,defineret,定义
Definition,意味,definition,définition,definizione,definición,ορισμός,определение,definition,定义
definitionsgemäß,意味,definition,définition,definizione,definición,ορισμός,определение,definition,定义
dem,に,to the,au,al,hacia,στο,в,til,到
demselben,同じ,the same,le même,lo stesso,lo mismo,το ίδιο,одинаковый,det samme,相同
den,,the,la,il,la,ο,а,det,这
denen,誰,whom,qui,chi,quién,ποιόν,кого,hvem,谁
denke,考える,think,pense,pensare,pensar,νομίζω,считать,tænke,思考
denken,考える,think,pense,pensare,pensar,νομίζω,считать,tænke,思考
Denkt,考えてください,Thinks,Pense,Pensa,Pensamiento,Νομίζω,Думает,Tænker,认为
denn,それから,then,alors,poi,después,έπειτα,тогда,derefter,然后
denselben,同じ,the same,le même,lo stesso,lo mismo,το ίδιο,одинаковый,det samme,相同
der,,the,la,il,la,ο,а,det,这
derabler,,the,la,il,la,ο,а,det,这
derart,そのような方法で,in such a way,de telle manière,così,de tal manera,κατά τέτοιο τρόπο,в таком случае,på en sådan måde,以这种方式
derartige,そのような,such,tel,tale,tal,τέτοιος,такой,sådan,这样的
deren,だれの,whose,à qui,"il cui, di chi",cuyo,του οποίου,чья,hvis,谁的
derselbe,同じ,the same,le même,lo stesso,lo mismo,το ίδιο,одинаковый,det samme,相同
des,の,of,de,di,de,του,из,af,的
deshalb,このために,for this reason,pour cette raison,per questa ragione,por esta razón,γι 'αυτό το λόγο,по этой причине,af denne grund,为此原因
dichten,詩,poetry,poésie,poesia,poesía,ποίηση,поэзия,poesi,诗歌
die,,the,la,il,la,ο,а,det,这
dies,これ,this,cette,questo,este,Αυτό,это,dette,这个
diese,これ,this,cette,questo,este,Αυτό,это,dette,这个
dieselbe,同じ,the same,le même,lo stesso,lo mismo,το ίδιο,одинаковый,det samme,相同
Differenz,違い,difference,différence,differenza,diferencia,διαφορά,разница,forskel,区别
direkt,直接,direct,direct,diretto,directo,απευθείας,непосредственный,direkte,直接的
dividieren,分割する,to divide,diviser,dividere,para dividir,για να διαιρέσω,делить,at dele,分裂
Doppelersche,ダブル,Double,Double,Doppio,Doble,Διπλό,Двойной,Dobbelt,双倍的
Doppelerschen,ダブル,Double,Double,Doppio,Doble,Διπλό,Двойной,Dobbelt,双倍的
dort,そこの,there,là,là,allá,εκεί,там,der,那里
drei,三,three,Trois,tre,Tres,τρία,три,tre,三
drittes,三番,third,troisième,Terzo,tercera,τρίτος,в третьих,tredje,第三
drücken,押す,to press,pour presser,pressare,para presionar,να πατήσω,нажать,at trykke,去按
durch,終えた,through,à travers,attraverso,mediante,διά μέσου,через,igennem,通过
durchlaufen,駆け抜ける,run through,parcourir,passare attraverso,ejecutar a través de,τρέχω μέσα από,пробежать,løbe igennem,跑过，匆匆处理
dürfen,に許可された,allowed to,autorisé à,autorizzato a,permitido,επιτρέπεται να,разрешено,lov til at,被允许
Dyn,王朝,Dyn,Dyn,Dyn,Dinina,Διάβημα,Дин,Dyn,dyn
Dynamik,ダイナミクス,dynamics,dynamique,dinamica,dinámica,δυναμική,динамика,Dynamik,动力学
eben,平,even,même,anche,incluso,ακόμη και,даже,også selvom,甚至
ebenfalls,同じく,Likewise,De même,Allo stesso modo,Igualmente,Επίσης,Так же,Ligeledes,同样地
ebenso,同じように,as well,aussi bien,anche,también,επισης,также,såvel,也是
Elektrodynamischer,より電気力学,More electrodynamic,Plus électrodynamique,Più elettrodinamico,Más electrodinámico,Πιο ηλεκτροδυναμικός,Более электродинамический,Mere elektrodynamisk,更多的电动力学
Eigenschaften,特性,Characteristics,Les caractéristiques,Caratteristiche,Características,Χαρακτηριστικά,Характеристики,Egenskaber,特征
eigentümlich,独特,peculiar,particulier,peculiare,peculiar,ιδιόμορφος,своеобразный,ejendommelige,奇特
ein,a,a ,un ,un ,a ,ένα ,а,a,一个 
einander,お互い,each other,l'un l'autre,l'un l'altro,El uno al otro,ο ένας τον άλλον,друг друга,hinanden,彼此
einfachen,単純,simple,Facile,semplice,simple,απλός,просто,enkel,简单的
einfallen,思い浮かぶ,come to mind,venir à l'esprit,viene in mente,se me ocurre,έρχομαι στο μυαλό,приходить на ум,Komme i tanke om,浮现在脑海中
einführen,導入,introduce,introduire,introdurre,introducir,παρουσιάζω,вводить,indføre,介绍
Einführung,前書き,introduction,introduction,introduzione,Introducción,εισαγωγή,введение,introduktion,介绍
einführen,導入,introduce,introduire,introdurre,introducir,παρουσιάζω,вводить,indføre,介绍
Einheit,単位,Unit,Unité,Unità,Unidad,Μονάδα,Ед. изм,Enhed,单元
Einheitspol,ユニットポール,Unit pole,Poteau unitaire,Polo unitario,Polo de la unidad,Μονάδα πόλου,Единица шеста,Enhedsstang,单位杆
Einleitung,前書き,introduction,introduction,introduzione,Introducción,εισαγωγή,введение,introduktion,介绍
einleuchten,を明らかにする,illuminate,éclairer,illuminare,iluminar,διαφωτίζω,освещать,belyse,照亮
Einstein,アインシュタイン,Einstein,Einstein,Einstein,Einstein,Αϊνστάιν,Камень,Einstein,爱因斯坦
einzige,それだけ,only,seulement,solo,solamente,μόνο,Только,kun,只要
elektrisch,電気,electrical,électrique,elettrico,eléctrico,ηλεκτρικός,электрический,Elektrisk,电气
Elektrizität,電気,electricity,électricité,elettricità,electricidad,ηλεκτρική ενέργεια,электричество,elektricitet,电
Elektrizitätsmenge,電気の量,Amount of electricity,Quantité d'électricité,Quantità di elettricità,Cantidad de electricidad,Ποσότητα ηλεκτρικής ενέργειας,Количество электричества,Mængde elektricitet,电量
Elektro,電気,Electrical,Électrique,Elettrico,Eléctrico,Ηλεκτρικός,Электрический,Elektrisk,电气
Elektrodynamik,電気力学,Electrodynamics,Électrodynamique,Elettrodinamica,Electrodinámica,Ηλεκτροδυναμική,Электродинамика,Elektrodynamik,电动力学
elektrodynamisch,電気力学,electrodynamic,électrodynamique,elettrodinamico,electrodinámico,ηλεκτροδυναμικός,электродинамический,elektrodynamisk,电动力学
elektromagnetisch,電磁,electromagnetic,électromagnétique,elettromagnetico,electromagnético,ηλεκτρομαγνητικός,электромагнитный,elektromagnetisk,电磁
elektromotorisch,電気的,electromotive,électromoteur,elettromotivo,electromotivo,ηλεκτροπαραγωγός,электродвигьев,elektromotorisk,电动性
Elektron,電子,electron,électron,elettrone,electrón,ηλεκτρόνιο,электрон,elektron,电子
elektrostatisch,静電,electrostatic,électrostatique,elettrostatico,electrostático,ηλεκτροστατικός,электростатический,elektrostatisk,静电
Ellipsoid,楕円,Ellipsoid,Ellipsoïde,Ellissoide,Elipsoide,Ελλειψοειδής,Эллипсоид,Ellipsoid,椭圆形
Ellipsoidfläche,楕円形の領域,Ellipsoid area,Zone ellipsoïde,Area di ellissoide,Área elipsoide,Ελλειψοειδή περιοχή,Эллипсоидная область,Ellipsoid område,椭圆形区域
emittieren,エミット,emit,émettre,emettere,emitir,εκπέμπουν,испускают,udsender,发射
Ende,終わり,End,Fin,Fine,Final,Τέλος,Конец,Ende,结尾
Endlich,ついに,Finally,Pour terminer,Infine,Finalmente,Τελικά,Окончательно,Langt om længe,最后
Energie,エネルギー,energy,énergie,energia,energía,ενέργεια,энергия,energi,活力
Energiemenge,エネルギー量,Amount of energy,Quantité d'énergie,Quantità di energia,Cantidad de energía,Ποσότητα ενέργειας,Количество энергии,Mængde energi,能量量
Energieprinzip,エネルギー原理,Energy principle,Principe d'énergie,Principio di energia,Principio de energía,Αρχή ενέργειας,Энергетический принцип,Energiprincip,能源原理
Energiewerte,エネルギー値,Energy values,Valeurs énergétiques,Valori energetici,Valores de energía,Ενεργειακές τιμές,Значения энергии,Energiværdier,能量值
entfernen,削除する,remove,retirer,rimuovere,retirar,αφαιρώ,удалять,fjerne,消除
entfernten,遠い,distant,loin,distante,distante,μακρινός,далекий,fjern,遥远
Entfernung,距離,distance,distance,distanza,distancia,απόσταση,расстояние,afstand,距离
enthalten,含む,contain,contenir,contenere,contener,περιέχω,содержать,indeholde,包含
entsprechen,対応する,correspond to,correspondre à,corrisponde a,corresponden a las,αντιστοιχούν σε,соответствует,svarer til,相当于
entsprechenden,対応する,corresponding,correspondant,corrispondente,correspondiente,αντίστοιχος,соответствующий,tilsvarende,相应的
entstehen,発展させる,develop,développer,sviluppare,desarrollar,αναπτύσσω,развивать,udvikle,开发
entwickeln,発展させる,develop,développer,sviluppare,desarrollar,αναπτύσσω,развивать,udvikle,开发
entzogen,引きこもった,withdrawn,retiré,ritirato,retirado,αποτραβηγμένος,отозван,trukket tilbage,撤销
Epoch,時代,Epoch,Époque,Epoca,Época,Εποχή,Эпоха,Epoke,时代
er,彼,he,il,lui,él,αυτός,он,han,他
Erdäquator,アソシエーター,Assocator,Associateur,Assocatore,Asociado,Συνεργάτης,Ассоциирован,Assocator,同伴
Erde,地球,Earth,Terre,Terra,Tierra,Γη,Земля,jorden,地球
Erdpole,アースポール,Earth pole,Pôle terrestre,Polo terrestre,Poste de la tierra,Γήινος πόλος,Земный столб,Jordstang,地球杆
Ereignis,発生,occurrence,occurrence,occorrenza,ocurrencia,περιστατικό,вхождение,Hændelse,发生
Ereignisreihen,イベントシリーズ,Event series,Séries d'événements,Serie di eventi,Serie de eventos,Σειρά εκδηλώσεων,Серия событий,Begivenhedsserier,事件系列
Erfahrung,経験,experience,vivre,Esperienza,experiencia,εμπειρία,опыт,erfaring,经验
erfolgen,行われる,take place,prend place,avere luogo,tener lugar,λαμβάνει χώρα,происходит,finde sted,发生
ergeben,結果,result,résultat,risultato,resultado,αποτέλεσμα,результат,resultat,结果
ergreifen,つかむ,seize,saisir,prendere,confiscar,αρπάζω,захватывать,gribe,抢占
erhalten,受け取る,receive,recevoir,ricevere,recibir,λαμβάνω,Получать,modtage,收到
erklären,説明する,to explain,expliquer,spiegare,para explicar,για να εξηγήσει,объяснять,at forklare,解释
erlangen,利得,gain,Gain,guadagno,ganar,κέρδος,прирост,gevinst,获得
ermitteln,決定,determine,déterminer,determinare,determinar,καθορίσει,определять,bestemme,决定
Ermittelung,決定,Determination,Détermination,Determinazione,Determinación,Προσδιορισμός,Определение,Beslutsomhed,决心
erörtern,話し合います,discuss,discuter,discutere,conversar,συζητώ,обсуждать,drøfte,讨论
erscheinen,現れる,appear,apparaître,apparire,Aparecer,εμφανίζομαι,появляться,komme til syne,出现
Erscheinung,外観,Appearance,Apparence,Aspetto esteriore,Apariencia,Εμφάνιση,вид,Udseende,外貌
ersetzbar,交換可能,replaceable,remplaçable,sostituibile,reemplazable,αναπληρώσιμος,заменяемый,Udskiftelig,可更换
ersehen,見る,see,voir,vedere,ver,βλέπω,видеть,se,看
erst,最初,first,première,primo,primero,πρώτα,первый,først,第一的
erteilen,与えるために,To give,Pour donner,Dare,Dar,Το να δίνεις,Давать,At give,给
erwähnen,言及,mention,mention,citare,mencion,αναφέρω,упомянуть,nævne,提到
erweisen,証明,prove,prouver,dimostrare,demostrar,αποδεικνύω,доказывать,bevise,证明
erzeugen,生成,generate,produire,creare,generar,παράγω,генерировать,frembringe,产生
Es,これ,It,Ce,Esso,Eso,Το,Это,Det,它
etwa,約,about,sur,di,sobre,σχετικά με,о,om,关于
euklidischen,ユークリッド,euclid,Euclide,Euclide,Euclides,Ευκλείδης,Евклид,euclid,欧几里得
eventuell,多分,perhaps,peut-être,forse,quizás,ίσως,возможно,måske,也许
Existenz,存在,existence,existence,esistenza,existencia,ύπαρξη,существование,eksistens,存在
Existenzmöglichkeit,存在,Existence,Existence,Esistenza,Existencia,Υπαρξη,Существование,Eksistens,存在
Experiment,実験,experiment,expérience,sperimentare,experimento,πείραμα,эксперимент,eksperiment,实验
Faktor,要素,factor,facteur,fattore,factor,παράγοντας,фактор,faktor,因素
Fall,場合,case,Cas,Astuccio,caso,υπόθεση,кейс,sag,案子
falls,もしも,if,si,Se,si,αν,если,hvis,如果
fassen,把握,grasp,saisir,presa,sujetar,πιάσιμο,понять,forståelse,抓牢
Federwage,フェザーカー,Feather car,Voiture à plumes,Auto di piume,Coche de plumas,Φτερωτό αυτοκίνητο,Перьев автомобиль,Fjerbil,羽毛车
Feld,分野,Field,Champ,Campo,Campo,Πεδίο,Поле,Mark,场地
fernen,遠い,distant,loin,distante,distante,μακρινός,далекий,fjern,遥远
fest,お祝い,Celebration,Fête,Celebrazione,Celebracion,Εορτασμός,Праздник,Fest,庆典
festlegen,決定,determine,déterminer,determinare,determinar,καθορίσει,определять,bestemme,决定
festsetzen,設定,set,Positionner,impostare,establecer,σειρά,установлен,sæt,放
Festsetzung,修正,fixing,fixation,fissaggio,fijación,διόρθωση,исправление,lave,定影
figurieren,形,figure,chiffre,figura,figura,εικόνα,фигура,figur,数字
finden,探す,Find,Trouver,Trova,Encontrar,Εύρημα,Находить,Finde,寻找
findlich,にぎやか,lively,animé,vivace,dinámico,ζωηρός,оживленный,livlig,活泼
Fläche,水面,Surface,Surface,Superficie,Superficie,Επιφάνεια,Поверхность,Overflade,表面
flächenbafte,表面禁止,surface bans,interdictions de surface,divieti di superficie,prohibición de la superficie,απαγορεύσεις επιφανειών,Поверхностные запреты,overfladeforbud,表面禁令
Flächeneinheit,単位,Unit,Unité,Unità,Unidad,Μονάδα,Ед. изм,Enhed,单元
flächenelement,表面要素,surface element,élément de surface,elemento di superficie,elemento superficial,επιφανειακό στοιχείο,поверхностный элемент,Overfladeelement,表面元素
Folge,結果,Consequence,Conséquence,Conseguenza,Consecuencia,Συνέπεια,Последствие,Følge,结果
zu folgen,従う,to follow,suivre,da seguire,seguir,ακολουθώ,следовать,at følge,跟随
zu fordern,促進する,to promote,promouvoir,promuovere,promover,Για να προωθησω,продвигать,at forfremme,推广
Form,形,shape,forme,forma,forma,σχήμα,форма,form,形状
formationsgleichung,形成方程式,formation equation,équation de formation,Equazione di formazione,ecuación de formación,εξίσωση σχηματισμού,Уравнение формирования,Dannelse ligning,编队方程
Formel,方式,formula,formule,formula,fórmula,τύπος,формула,formel,公式
zu formieren,申込用紙へ,to form,former,per formare,formar,σχηματίζω,для формирования,at danne,来形成
förmig,形状,shaped,en forme de,sagomato,conformado,σχηματισμένος,в форме,formet,成形
fortpflanzen,再現します,reproduce,reproduire,riprodurre,reproducir,αναπαράγω,воспроизводить,reproducere,复制
fragen,聞く,ask,interroger,Chiedi,pedir,παρακαλώ,спросить,Spørg,问
Frequenz,周波数,frequency,la fréquence,frequenza,frecuencia,συχνότητα,частота,frekvens,频率
früheren,ついさっき,earlier,plus tôt,prima,más temprano,νωρίτερα,ранее,Tidligere,较早
führen,リードする,to lead,mener,guidare,para liderar,να οδηγήσω,вести,at lede,领导
Fund,探す,Find,Trouver,Trova,Encontrar,Εύρημα,Находить,Finde,寻找
Funktion,関数,function,fonction,funzione,función,λειτουργία,функция,fungere,功能
für,為に,for,pour,per,por,Για,за,til,为了
Gang,装備,gear,équipement,Ingranaggio,engranaje,μηχανισμός,механизм,gear,齿轮
gänge,通路,passage,passage,passaggio,paso,πέρασμα,проход,passage,通道
ganges,ガンジス,ganges,Gange,Gange,ganges,Γάγγης,Ганг,Ganges,恒河
ganzen,全体,entire,entier,tutto,completo,ολόκληρος,весь,hel,全部的
geändert,かわった,changed,modifié,cambiato,cambió,άλλαξαν,измененный,ændret,更改
geben,与える,give,donner,dare,dar,δίνω,дайте,give,给
Gebilde,構造,Structure,Structure,Struttura,Estructura,Δομή,Структура,Struktur,结构
gebliebenen,残った,remained,resté,è rimasta,se mantuvo,παρέμεινε,остался,forblev,留下来
gebrauchte,中古,Second hand,D'occasion,Seconda mano,Segunda mano,Δεύτερο χέρι,Подержанный,Brugt,二手
gebunden,バウンド,bound,bondir,legato,vinculado,όριο,граница,bundet,边界
gedrückt,うつ病,depressed,déprimé,depresso,deprimido,μελαγχολικός,подавлен,deprimeret,郁闷
gefaßten,握った,gripped,agressé,afferrato,agarrado,πιάσιμος,захват,Gribet,抓住
gefundenen,見つかった,found,trouvé,fondare,fundar,βρέθηκαν,найденный,fundet,成立
gegeben,与えられた,given,donné,dato,dado,δεδομένος,данный,givet,给出
gegen,対,versus,contre,contro,versus,εναντίον,против,imod,相对
gegeneinander,互いに対して,against each other,l'un contre l'autre,uno contro l'altro,unos contra otros,ο ένας εναντίον του άλλου,друг против друга,mod hinanden,彼此对抗
Gegensatz,対比,contrast,contraste,contrasto,contraste,αντίθεση,контраст,kontrast,对比
gegenstandslos,不安定,unstable,instable,instabile,inestable,ασταθής,нестабильный,ustabil,不稳定
gegenüber,の反対,opposite to,l'opposé de,opposta a,Opuesto a,αντίθετος,напротив,i modsætning,与
gegenwärtig,現在,currently,actuellement,attualmente,corrientemente,επί του παρόντος,В данный момент,i øjeblikket,目前
gehen,歩く,walk,marche,camminare,caminar,Περπατήστε,ходить,gå,走
gehend,歩く,walking,en marchant,a passeggio,caminando,το περπάτημα,ходьба,Gå,步行
gehende,歩く,walking,en marchant,a passeggio,caminando,το περπάτημα,ходьба,Gå,步行
gehören,属する,belong,appartenir,appartenere,pertenecer,ανήκω,принадлежать,tilhører,属于
gekrümmte,湾曲,curved,incurvé,curvo,curvo,κυρτός,изогнутый,buet,弯曲
geladener,ロード,loaded,chargé,caricato,cargado,φορτωμένος,загружен,indlæst,加载
gelangen,到着,reach,atteindre,portata,alcanzar,φθάνω,достигать,nå,抵达
gelegen,位置した,located,situé,Situato,situado,τοποθετημένος,расположен,befinde sig,位于
geleistete,達成,achieved,réalisé,raggiunto,logrado,επιτεύχθηκε,достигнуто,opnået,实现了
geliefert,配達,delivered,livré,consegnato,entregado,παραδόθηκε,доставлен,leveret,发表
gelöst,解決した,solved,résolu,risolto,resuelto,λυμένος,Решен,løst,解决了
gelte,適用されます,applies,s'applique,si applica,se aplica,εφαρμόζω,применяется,gælder,适用
gelten,有効です,are valid,sont valides,sono validi,son validos,ισχύουν,действительны,er gyldige,有效
gemacht,やりました,did,a fait,fatto,hizo,συναφθεί,делал,gjorde,做过
gemachten,作る,made,fabriqué,fatto,hecha,έκανε,сделанный,lavet,制成
gemäß,によると,according to,selon,secondo,de acuerdo a,σύμφωνα με,согласно с,ifølge,根据
gemein,平均,mean,moyenne,significare,significar,σημαίνω,иметь в виду,betyde,意思是
gemeinsame,一般,common,commun,Comune,común,κοινός,общий,almindelige,常见的
gemeinsten,ごくありふれた,most common,Le plus commun,più comune,más común,Το συνηθέστερο,наиболее общий,mest almindelig,最常见的
gemessen,測定,measured,mesuré,misurato,Medido,μετρημένος,измеренный,målt,测量
gemessene,測定,measured,mesuré,misurato,Medido,μετρημένος,измеренный,målt,测量
gemessenen,測定,measured,mesuré,misurato,Medido,μετρημένος,измеренный,målt,测量
genannt,呼び出されました,called,appelé,chiamato,llamó,που ονομάζεται,называется,hedder,叫
genannten,名前が付けられました,named,nommé,di nome,nombrada,ονομάστηκε,названный,som hedder,命名
genau,同意します,I agree,Je suis d'accord,sono d'accordo,Estoy de acuerdo,συμφωνώ,Я согласен,jeg er enig,我同意
genügen,会う,meet,rencontrer,incontrare,reunir,συναντώ,встретиться,møde,遇见
genügende,十分な,sufficient,suffisant,sufficiente,suficiente,επαρκής,достаточный,tilstrækkelig,充足的
genügender,十分な,sufficient,suffisant,sufficiente,suficiente,επαρκής,достаточный,tilstrækkelig,充足的
genügt,足りる,enough,suffisant,abbastanza,suficiente,αρκετά,достаточно,nok,足够的
geo,ジオ,geo,géo,geo,geo,θεός,гео,Geo,地理
Geometrie,ジオメトリ,geometry,géométrie,geometria,geometría,γεωμετρία,геометрия,Geometri,几何学
gerade,ただ,just,juste,Appena,sólo,μόλις,просто,lige,只是
gerichtet,指示,directed,dirigée,dirette,dirigido,κατευθυνόμενος,режиссер,instrueret,指导
gesandt,使節,envoy,envoyé,inviato,enviado,απεσταλμένος,посланник,udsending,使者
geschlossenen,閉まっている,closed,fermé,Chiuso,cerrado,κλειστό,закрыто,lukket,关闭
Geschwindig,スピーディ,Speedy,Rapide,Veloce,Rápido,Ταχύς,Скоро,Hurtig,迅速
Geschwindigkeit,速度,speed,la rapidité,velocità,velocidad,Ταχύτητα,скорость,hastighed,速度
Geschwindigkeiten,速度,Speeds,Vitesses,Velocità,Velocidad,Ταχύτητα,Скорость,Hastigheder,速度
Geschwindigkeitsvektor,速度ベクトル,Speed ​​vector,Vecteur de vitesse,VETTORE SPEED,Vector de velocidad,Διάνυσμα ταχύτητας,Скорость вектор,Hastighedsvektor,速度向量
Gesetz,法,Law,Droit,Legge,Ley,Νόμος,Закон,Lov,法律
Gesetze,法律,Laws,Lois,Le leggi,Leyes,Του νόμου,Законы,Love,法律
Gesetzes,法,Law,Droit,Legge,Ley,Νόμος,Закон,Lov,法律
gesetzt,設定,set,Positionner,impostare,establecer,σειρά,установлен,sæt,放
Gestalt,形,shape,forme,forma,forma,σχήμα,форма,form,形状
Gesucht,検索,Searched,Cherché,Perquisito,Buscado,Ερευνημένος,Обыскал,Søgte,搜索
gewandt,巧み,skilful,habile,abile,hábil,ικανός,умелый,dygtig,熟练
gewissem,特定,certain,certain,certo,cierto,βέβαιος,определенный,bestemte,肯定
gewissen,良心,conscience,conscience,coscienza,conciencia,συνείδηση,совесть,samvittighed,良心
gewisser,特定,certain,certain,certo,cierto,βέβαιος,определенный,bestemte,肯定
gewonnen,勝った,won,a gagné,ha vinto,ganó,Κέρδισε,выиграл,vandt,韩元
geworden,なる,become,devenir,diventare,convertirse en,γίνομαι,стали,blive,变得
gezeigt,表示されています,shown,indiqué,mostrato,mostrado,απεικονίζεται,показано,vist,显示
gibt,それは,are,sommes,sono,son,είναι,находятся,er,是
gilt,適用されます,is applicable,est applicable,è applicabile,es aplicable,ισχύει,применимо,er relevant,适用
Glei,のり,Glue,Colle,Colla,Pegamento,Κόλλα,Клей,Lim,胶水
gleich,同じ,same,même,stesso,mismo,ίδιο,такой же,samme,相同的
gleiche,同じ,same,même,stesso,mismo,ίδιο,такой же,samme,相同的
gleichen,似ている,resemble,ressembler,assomigliare,parecerse,μοιάζω,напоминать,ligne,类似
gleicher,同じ,same,même,stesso,mismo,ίδιο,такой же,samme,相同的
gleichfalls,同じ,the same,le même,lo stesso,lo mismo,το ίδιο,одинаковый,det samme,相同
gleichförmige,ユニフォーム,uniform,uniforme,uniforme,uniforme,στολή,униформа,uniform,制服
gleichförmiger,ユニフォーム,uniform,uniforme,uniforme,uniforme,στολή,униформа,uniform,制服
Gleichheit,平等,equality,égalité,uguaglianza,igualdad,ισότητα,равенство,lighed,平等
Gleichung,方程式,equation,équation,equazione,ecuación,εξίσωση,уравнение,Ligning,方程
Gleichungssystem,方程式システム,Equation system,Système d'équation,Sistema di equazione,Sistema de ecuaciones,Σύστημα εξισώσεων,Уравнение система,Ligningssystem,方程式系统
gleichzeitig,同時に,simultaneously,simultanément,contemporaneamente,simultaneamente,ΤΑΥΤΟΧΡΟΝΑ,одновременно,samtidigt,同时
Gleichzeitigkeit,同時性,simultaneity,simultanéité,simultaneità,simultaneidad,ταυτόχρονη,одновременность,samtidighed,同时
Gliedern,噛む,Bite up,Mordre,Mordere,Morder,Δαγκώνω,Укусить,Bid op,咬
go,行く,go,aller,andare,Vamos,πηγαίνω,идти,gå,去
groß,大きい,big,gros,grande,grande,μεγάλο,большой,stor,大的
Größe,サイズ,size,Taille,taglia,Talla,Μέγεθος,размер,størrelse,尺寸
gründen,確立します,establish,mettre en place,stabilire,establecer,εγκαθιδρύω,учреждать,etablere,建立
Grundlage,基本,basis,base,base,base,βάση,основа,basis,基础
Grundprinzipien,基本理念,Basic principles,Principes de base,Principi di base,Principios básicos,Βασικές αρχές,Основные принципы,Grundlæggende principper,基本原则
Gruppe,グループ,group,groupe,gruppo,grupo,ομάδα,группа,gruppe,团体
gültig,有効,valid,valide,valido,válido,έγκυρος,действительный,gyldig,有效的
haben,持つため,to have,avoir,avere,tener,να έχω,иметь,at have,具有
halber,立ち往生,stranded,échoué,incagliato,varado,απομεμονωμένος,застрявший,strandet,搁浅
halten,保つ,keep,donjon,mantenere,mantener,διατήρηση,хранить,holde,保持
handelt,行為,act,loi,atto,Actuar,υποκρίνομαι,действовать,handling,行为
hängen,下がる,hang,pendre,appendere,colgar,κρεμάω,вешать,hænge,悬挂
heben,リフトへ,to lift,soulever,sollevare,levantar,σηκώνω,поднимать,at løfte,举起
heißen,平均,mean,moyenne,significare,significar,σημαίνω,иметь в виду,betyde,意思是
heit,ネス,Ness,Ness,Ness,Ness,Νησί,Нож,Ness,尼斯
hergeleitet,導いた,led,LED,portato,dirigió,οδοντοστοιχία,вел,led,引领
großen,巨大,huge,énorme,enorme,enorme,τεράστιος,огромный,kæmpe stor,巨大的
Hertz,ヘルツ,hertz,hertz,Hertz,hertz,χέρτζ,герц,Hertz,赫兹
hier,ここ,here,ici,qui,aquí,εδώ,здесь,her,这里
hierauf,これについて,on this,sur ce,su questo,en este,για το θέμα αυτό,на этом,på denne,关于这个
Hieraus,これから,From this,De cette,Da questo,De esto,Από αυτό,Из этого,Fra dette,由此
Hierbei,ここ,Here,Ici,Qui,Aquí,Εδώ,Здесь,Her,这里
Hiermit,これはそうです,Herewith,Ci-joint,Con la presente,Adjunto,Εδώ,При этом,Hermed,此处
Hilfe,ヘルプ,Help,Aider,Aiuto,Ayuda,Βοήθεια,Помощь,Hjælp,帮助
Hilfsbegriffe,条件をヘルプします,Help terms,Aide les termes,Termini di aiuto,Términos de ayuda,Βοηθοί όροι,Помогите термины,Hjælp udtryk,帮助条款
hinausläuft,なくなる,run out,s'épuiser,Terminare,sin,τελείωσε,закончиться,Kør tør,用完
hindurch,終えた,through,à travers,attraverso,mediante,διά μέσου,через,igennem,通过
hinzufügen,追加,Add,Ajouter,Aggiungere,Agregar,Προσθήκη,Добавлять,Tilføje,添加
höheren,より高い,higher,plus haut,più alto,más alto,πιο ψηλά,выше,højere,更高
höherer,より高い,higher,plus haut,più alto,más alto,πιο ψηλά,выше,højere,更高
Homogenitätseigenschaft,均一性プロパティ,Homogeneity property,Propriété d'homogénéité,Proprietà di omogeneità,Propiedad de homogeneidad,Ιδιοκτησία ομοιογένειας,Однородность собственности,Homogenitetsegenskaber,同质性属性
hot,ホット,hot,chaud,piccante,caliente,ζεστό,горячий,hed,热的
ich,私,I,je,io,yo,Εγώ,я,jeg,我
identisch,同一,identical,identique,identico,idéntico,πανομοιότυπο,идентичный,identisk,完全相同的
ihm,彼,him,lui,lui,a él,αυτόν,его,Hej M,他
ihr,彼女,her,son,suo,su,αυτήν,ей,hende,她
ihre,彼らの,their,leur,i loro,sus,δικα τους,их,deres,他们的
ihrer,彼らの,of their,de leur,del loro,de ellos,τους,от их,af deres,他们的
Im,の中に,in the,dans le,nel,en el,στο,в,I,在里面
immer,いつも,always,toujours,sempre,siempre,πάντα,всегда,altid,总是
In,の,In,Dans,In,En,Σε,В,I,在
Inbegriff,エピトーム,epitome,exemple,epitome,epítome,επιτομή,воплощение,Besparende,缩影
indem,その中で,in which,dans lequel,in quale,en el cual,στο οποίο,в котором,hvori,其中
infolgedessen,その結果,Consequently,Par conséquent,Di conseguenza,Como consecuencia,συνεπώς,Следовательно,følgelig,最后
Inhalt,コンテンツ,contents,Contenu,Contenuti,contenido,περιεχόμενα,содержимое,indhold,内容
ins,に,into the,dans le,dentro,en el,μέσα στο,в,ind i,进入
insofern,その中で,in that,en cette,In ciò,en eso,σε αυτό,в этом,i det,在那里面
Intensität,強度,intensity,intensité,intensità,intensidad,ένταση,интенсивность,intensitet,强度
intensiv,集中的な,intensive,intensif,intensivo,intensivo,εντατικός,интенсивный,intensiv,密集的
Interpretation,解釈,interpretation,interprétation,interpretazione,interpretación,ερμηνεία,интерпретация,Fortolkning,解释
inverse,逆,inverse,inverse,inverso,inverso,αντίστροφος,обратный,inverse,逆
Ist,は,is,est,è,es,είναι,является,er,是
je,これまで,ever,déjà,mai,alguna vez,πάντα,Когда-либо,nogensinde,曾经
jede,毎日,every,tous,ogni,cada,κάθε,каждый,hver,每一个
Jedem,各,Each,Chaque,A testa,Cada,Καθε,Каждый,Hver,每个
jeden,毎日,every,tous,ogni,cada,κάθε,каждый,hver,每一个
Jeder,みんな,Everyone,Tout le monde,Tutti,Todo el mundo,Ολοι,Каждый,Alle sammen,每个人
jedes,毎日,every,tous,ogni,cada,κάθε,каждый,hver,每一个
jedoch,でも,however,toutefois,però,sin embargo,ωστόσο,Однако,imidlertid,然而
Jener,それか,That,Ce,Quella,Que,Οτι,Что,At,那
jenes,それ,that,ce,Quello,que,ότι,что,at,那
jeweilen,これまで,ever,déjà,mai,alguna vez,πάντα,Когда-либо,nogensinde,曾经
Juni,六月,June,Juin,Giugno,Junio,Ιούνιος,Июнь,juni,六月
kalischen,カリック,calic,calic,CALIC,calicismo,άλατος,калика,Calic,镀瓦
kämpfen,戦い,battle,bataille,battaglia,batalla,μάχη,боевой,kamp,战斗
kann,できる,can,boîte,Potere,pueden,μπορώ,Можно,kan,能够
kartesischen,デカルト,Cartesian,cartésien,cartesiano,cartesiano,Καρτεσιανός,Картезианский,Kartesisk,笛卡尔
kein,番号,no,non,No,no,όχι,нет,ingen,不
keine,番号,no,non,No,no,όχι,нет,ingen,不
keinerlei,なし,none,rien,nessuno,ninguna,κανένας,никто,ingen,没有任何
keit,ベース,base,base,base,base,βάση,база,grundlag,根据
keiten,ボガー,boggers,boguers,Boggers,boggers,φούσκοι,Боггерс,Boggers,杂乱无章
Kinematik,運動学,kinematics,cinématique,cinematica,cinemática,κινηματική,Кинематика,Kinematik,运动学
kinematischen,映画のような,cinematic,cinématographique,cinematografico,cinematográfico,κινηματικός,кинематографический,filmisk,电影
Kinematischer,映画のような,Cinematic,Cinématographique,Cinematografico,Cinematográfico,Κινηματικός,Кинематографический,Filmisk,电影
kinetische,速度論,kinetic,cinétique,cinetico,cinético,κινητικός,кинетический,kinetisk,动力学
klar,クリア,clear,dégager,chiaro,claro,Σαφή,Чисто,klar,清除
kleiden,ドレス,dress,robe,vestire,vestir,φόρεμα,платье,kjole,裙子
klein,小さな,small,petit,piccolo,pequeña,μικρό,маленький,lille,小的
Kollege,同僚,colleague,collègue,collega,colega,συνάδελφος,коллега,kollega,同事
kommen,来て,come,viens,venire,venir,Έλα,прийти,komme,来
Komponent,成分,Component,Composant,Componente,Componente,Συστατικό,Составная часть,Komponent,零件
können,できる,be able,être capable,essere in grado,ser capaz,να είναι σε θέση,быть способным,være i stand til,能够
könnte,できる,could,pourrait,Potevo,pudo,θα μπορούσε,мог,kunne,可以
könnten,そうかもしれない,might,force,potrebbe,puede que,θα μπορούσε,мощь,magt,可能
Konsequenz,結果,consequence,conséquence,conseguenza,consecuencia,συνέπεια,последствие,følge,结果
konstant,絶え間ない,constant,constant,costante,constante,συνεχής,постоянный,konstant,持续的
Konstante,絶え間ない,constant,constant,costante,constante,συνεχής,постоянный,konstant,持续的
Konstanten,絶え間ない,Constant,Constant,Costante,Constante,Συνεχής,Постоянный,Konstant,持续的
konstanter,絶え間ない,constant,constant,costante,constante,συνεχής,постоянный,konstant,持续的
Konstanz,一貫性,Consistency,Cohérence,Consistenza,Consistencia,Συνοχή,Последовательность,Konsistens,一致性
Konvektionsströme,対流ストリーム,Convection streams,Flux de convection,Flussi di convezione,Flujos de convección,Ροές μεταφοράς,Конвекционные потоки,Konvektionsstrømme,对流流
Koordinate,座標,coordinate,coordonner,coordinata,coordinar,συντεταγμένη,координировать,koordinere,协调
Koordinatenachsen,軸を調整します,Coordinate axes,Coordonnées,Assi coordinate,Ejes de coordenadas,Άξονες συντεταγμένων,Координируйте топоры,Koordinere akser,坐标轴
Koordinatenanfangspunkte,調整の始まり,Coordinate beginnings,Coordonner les débuts,Coordinate inizi,Comienzos de coordenadas,Αρχές συντεταγμένων,Координировать начало,Koordinere begyndelsen,协调起点
Koordinatenebene,座標レベル,Coordinate level,Niveau de coordonnées,Livello di coordinate,Nivel de coordenadas,Επίπεδο συντεταγμένων,Координатный уровень,Koordinatniveau,坐标水平
Koordinatensystem,座標系,Coordinate system,Système de coordonnées,Sistema di coordinate,Sistema coordinado,Σύστημα συντεταγμένων,Система координат,Koordinatsystem,坐标系
Koordinatenursprung,調整起点,Coordinate origin,Coordonnée,Coordinare l'origine,Origen de coordenadas,Συντεταγμένη,Координатное происхождение,Koordinere oprindelse,坐标来源
Körper,体,Body,Corps,Corpo,Cuerpo,Σώμα,Тело,Legeme,身体
kosinus,余弦,cosine,cosinus,coseno,coseno,συνημίτονο,косинус,kosinus,余弦
Kraft,パワー,power,Puissance,potenza,energía,εξουσία,сила,strøm,力量
Kräfte,力,Forces,Les forces,Forze,Efectivo,Δυνάμεις,Силы,Kræfter,军队
Kraftzahl,活力,Vigor,Vigueur,Vigore,Vigor,Σθένος,Энергия,Vigor,活力
Kriterium,基準,criteria,Critères,criteri,criterios,κριτήρια,критерии,kriterier,标准
Krümmungsradius,半径,Radius,Rayon,Raggio,Radio,Ακτίνα κύκλου,Радиус,Radius,半径
Kugel,銃弾,Bullet,Balle,Proiettile,Bala,Σφαίρα,Пуля,Kugle,子弹
Kugelfläche,ボールエリア,Ball area,Zone de balle,Area a sfera,Área de bola,Περιοχή με μπάλα,Площадь мяча,Boldområde,球区
Kugelgestalt,球形の図,Spherical figure,Sphérique,Figura sferica,Figura esférica,Σφαιρική φιγούρα,Сферическая фигура,Sfærisk figur,球形人物
Kugelwelle,球面,Spherical wave,Vague sphérique,Onda sferica,Onda esférica,Σφαιρικό κύμα,Сферическая волна,Sfærisk bølge,球形波
Kurve,曲線,Curve,Courbe,Curva,Curva,Καμπύλη,Изгиб,Kurve,曲线
kurz,短い,short,court,breve,corto,μικρός,короткая,kort,短的
Kürze,簡潔,Brevity,Brièveté,Brevità,Brevedad,Συντομία,Краткость,Kortfattethed,简洁
Ladung,充電,charge,charge,carica,cobrar,χρέωση,обвинение,oplade,收费
Lage,位置,location,emplacement,Posizione,ubicación,τοποθεσία,расположение,Beliggenhed,地点
Länge,長さ,length,longueur,lunghezza,longitud,μήκος,длина,længde,长度
langen,長いです,long,long,lungo,largo,μακρύς,длинная,lang,长
Längen,長さ,Length,Longueur,Lunghezza,Longitud,Μήκος,Длина,Længde,长度
langenden,長いです,long,long,lungo,largo,μακρύς,длинная,lang,长
längs,平行,along,sur,lungo,a lo largo de,κατά μήκος,вместе,langs med,沿着
langsam,スロー,slow,lent,Lento,lento,αργός,медленный,langsom,减缓
Lärge,大きい,Lärge,Grand,Di grandi dimensioni,Largo,Μεγάλο,Большой,Stor,大的
lassen,許可します,to let,laisser,lasciare,dejar,για να το αφήσω,позволить,at lade,使...能够
laufen,走る,to run,courir,correre,correr,τρέχω,бежать,at løbe,跑步
laufend,常に,constantly,en permanence,costantemente,constantemente,συνεχώς,постоянно,konstant,不断地
laufenden,ランニング,running,fonctionnement,in esecuzione,correr,τρέξιμο,Бег,Løb,跑步
läuft,実行,runs,courses,corse,carreras,τρέχει,пробеги,løber,运行
leeren,空にする,to empty,à vider,svuotare,para vaciar,να αδειάσω,опустошить,at tømme,清空
leicht,簡単,easy,facile,facile,fácil,Ανετα,легкий,let,简单的
Leiter,監督,director,directeur,direttore,director,διευθυντής,директор,direktør,导向器
Leiters,導体,Conductor,Conducteur,Conduttore,Conductor,Αγωγός,Проводник,Leder,导体
letzten,過去,last,dernière,Ultimo,ultimo,τελευταίος,последний,sidst,最后的
letztere,後者,latter,dernier,quest'ultimo,último,τελευταίος,последний,sidstnævnte,后者
Licht,ライト,light,lumière,luce,luz,φως,легкий,lys,光
Lichtäthers,リヒトエーテル,Licht ether,Éther de licht,Licht etere,Licht éter,Λιχτ αιθέρα,Лихт Эфир,Lichtether,Licht Ether
Lichtdruck,光圧力,Light pressure,Pression légère,Pressione leggera,Presión ligera,Ελαφριά πίεση,Легкое давление,Let tryk,轻压
Lichtdrucke,ライトプリント,Light prints,Imprimés légers,Stampe leggere,Impresiones de luz,Ελαφρές εκτυπώσεις,Световые отпечатки,Lette udskrifter,轻打印
Lichtenergie,光エネルギー,Light energy,Énergie lumineuse,Energia luminosa,Energia luminosa,ΕΝΕΡΓΕΙΑ ΦΩΤΟΣ,Световая энергия,Lysenergi,光能
Lichtgeschwindig,軽い - 心,Light -hearted,Au cœur léger,Luce -sindacale,Luminoso,Φως -Χερόχρονο,Свечие,Lethjertet,光线
Lichtgeschwindigkeit,光の速度,Speed ​​of Light,Vitesse de la lumière,Velocità di luce,Velocidad de la luz,Ταχύτητα φωτός,Скорость света,Lysets hastighed,光速
Lichtkomplex,軽い複合体,Light complex,Complexe léger,Complesso leggero,Complejo claro,Ελαφρύ συγκρότημα,Легкий комплекс,Let kompleks,光复合物
Lichtmedium,軽い材質,Light medium,Moyen léger,Medio leggero,Media luz,Ελαφρό μέσο,Легкая среда,Let medium,轻中等
Lichtquelle,光源,Light source,Source de lumière,Fonte di luce,Fuente de luz,Πηγή φωτός,Источник света,Lyskilde,光源
Lichtquelle-Beobachter,光源オブザーバー,Light source observer,Observateur de la source lumineuse,Osservatore della sorgente luminosa,Observador de fuente de luz,Παρατηρητής φωτός πηγής,Световой источник наблюдателя,Lyskildeobservatør,光源观察者
Lichtsignale,光信号,Light signals,Signaux lumineux,Segnali luminosi,Señales de luz,Φωτεινά σήματα,Световые сигналы,Lyssignaler,灯光信号
Lichtstrables,明るい,Luminous,Lumineux,Luminoso,Luminoso,Φωτεινός,Светящийся,Lysende,发光的
Lichtstrahl,ビーム,Beam,Rayonner,Trave,Haz,Δέσμη,Луч,Bjælke,光束
Lichtweg,ライトパス,Light path,Chemin léger,Percorso luminoso,Camino de luz,Φωτεινή διαδρομή,Легкий путь,Lys sti,轻路
Lichtzeichen,ライトサイン,Light sign,Signe léger,Segno luminoso,Signo ligero,Ελαφρύ σημάδι,Светлый знак,Let tegn,轻号
liefert,配達します,delivers,délivre,consegna,entregas,παραδίδει,доставляет,leverer,交付
liege,ラウンジャー,lounger,fainéant,lounger,haragán,ξαπλώστρας,зала,Lounger,躺椅
liegt,嘘,lies,mensonges,bugie,mentiras,ψέματα,вранье,løgne,谎言
linear,線形,linear,linéaire,lineare,lineal,γραμμικός,линейный,lineær,线性
lineare,線形,linear,linéaire,lineare,lineal,γραμμικός,линейный,lineær,线性
Linie,ライン,line,ligne,linea,línea,γραμμή,линия,linje,线
Linien,線,Lines,Lignes,Linee,Líneas,Γραμμές,Линии,Linjer,线
Longitudinale,縦断的,Longitudinal,Longitudinal,Longitudinale,Longitudinal,Γεωγραφικού μήκους,Продольный,Langsgående,纵
Lorentzschen,ローレンツシェン,Lorentzschen,Lorentzschen,Lorentzschen,Lorentzschen,Λοροστένιος,Лоренцшен,Lorentzschen,洛伦茨申
lösen,解決する,solve,résoudre,risolvere,resolver,λύσει,решать,løse,解决
Macht,作る,Makes,Fait du,Fa,Hace,Κάνει,Производит,Gør,制作
Mag,お気に入り,Like,Comme,Piace,Me gusta,Σαν,Нравиться,Synes godt om,喜欢
Magnet,磁石,magnet,aimant,magnete,imán,μαγνήτης,магнит,magnet,磁铁
Magnetfeld,磁場,Magnetic field,Champ magnétique,Campo magnetico,Campo magnético,Μαγνητικό πεδίο,Магнитное поле,Magnetfelt,磁场
magnetisch,磁気,magnetic,magnétique,magnetico,magnético,μαγνητικός,магнитный,Magnetisk,磁的
magnetomotorischen,磁気運動,MagnetoMotor,Magnétomotrice,Magnetomotore,Magnetomotor,Μαγνητοτόνος,Магнитомотор,Magnetomotor,磁运动员
Man,1,One,Une,Uno,Una,Ενας,Один,En,一
manche,いくつか,some,quelques,alcuni,alguno,μερικοί,немного,nogle,一些
Masse,寸法,Dimensions,Dimensions,Dimensioni,Dimensiones,Διαστάσεις,Габаритные размеры,Dimensioner,方面
Massen,大衆,Masses,Masses,Masse,Masas,Μάζες,Массы,Masser,群众
Massenzahl,質量数,Mass number,Nombre de masse,Numero di Massa,Número de masa,Μαζικός αριθμός,Массовое число,Massenummer,质量数
Maßstab,規模,scale,échelle,scala,escala,κλίμακα,шкала,vægt,规模
Maßstabe,規模,Scale,Échelle,Scala,Escala,Κλίμακα,Шкала,vægt,规模
Maßstäbe,基準,Standards,Normes,Standard,Estándares,Πρότυπα,Стандарты,Standarder,标准
Maßstabes,規模,Scale,Échelle,Scala,Escala,Κλίμακα,Шкала,vægt,规模
materiellen,素材,material,Matériel,Materiale,material,υλικό,материал,materiale,材料
materieller,素材,material,Matériel,Materiale,material,υλικό,материал,materiale,材料
mathematische,数学,mathematical,mathématique,matematico,matemático,μαθηματικός,математический,Matematisk,数学
Maxwell,マックスウェル,Maxwell,Maxwell,Maxwell,Maxwell,Maxwell,Максвелл,Maxwell,麦克斯韦
Maxwell-Hertzschen,Maxwell-Hertzschen,Maxwell-Hertzschen,Maxwell-hertzschen,Maxwell-Hertzschen,Maxwell-Hertzschen,Maxwell-Hertzschen,Максвелл-Херцшен,Maxwell-Hertzschen,麦克斯韦 - 赫兹申
Maxwellschen,マックスウェルシェン,Maxwellschen,Maxwellschen,Maxwellschen,Maxwellschen,Maxwellschen,Максвеллшен,Maxwellschen,麦克斯韦
may,5月,May,Peut,Maggio,Mayo,Ενδέχεται,Май,Kan,可能
Mechanik,力学,mechanics,mécanique,meccanica,mecánica,Μηχανική,механика,mekanik,力学
mechanischen,機械,mechanical,mécanique,meccanico,mecánico,μηχανικός,механический,mekanisk,机械的
mehr,もっと,more,Suite,Di più,más,περισσότερο,более,mere,更多的
mein,私の,my,ma,mio,mi,μου,мой,min,我的
meiner,私の,mine,mien,il mio,mía,δικος μου,мой,mine,矿
meinsamen,一般,common,commun,Comune,común,κοινός,общий,almindelige,常见的
menge,額,amount,montant,Quantità,Monto,ποσό,количество,beløb,数量
messen,測定します,measure up,être à la hauteur,misura,valorar,μέτρηση,измерить,måle op,达到
mething,mhinese,mething,faire des mèches,mething,MIO,μέγιστος,что -то,lyser,花
Methode,方法,method,méthode,metodo,método,μέθοδος,метод,metode,方法
metrisch,メトリック,metric,métrique,metrica,métrico,μετρικός,показатель,metrisk,公制
mir,自分,me,moi,me,yo,μου,мне,mig,我
mißlungen,不合格,fail,échouer,fallire,fallar,αποτυγχάνω,потерпеть неудачу,svigte,失败
mißt,対策,measures,les mesures,le misure,medidas,μέτρα,меры,foranstaltninger,措施
mit,と,With,Avec,Insieme a,Con,Με,С,Med,和
miteinander,共通性,commonality,point en commun,comunanza,comúnidad,συνήθη,общность,fælles,通用性
mithin,したがって,therefore,Donc,dunque,por lo tanto,επομένως,следовательно,derfor,所以
mitteilen,伝える,communicate,communiquer,comunicare,comunicar,ΕΠΙΚΟΙΝΩΝΩ,общаться,kommunikere,交流
mittelbaren,間接,indirect,indirect,indiretto,indirecto,έμμεσος,косвенное,indirekte,间接
Mittelpunkt,集中,Focus,Se concentrer,Messa a fuoco,Enfoque,Συγκεντρώνω,Фокус,Fokus,重点
mittels,のによって,by means of,au moyen de,per mezzo di,por medio de,με τη βοήθεια,посредством,ved hjælp af,通过
mittelsim,真ん中,middle,milieu,mezzo,medio,Μέσης,середина,midten,中间
mittelt,中くらい,medium,moyen,medio,medio,Μεσαίο,средний,medium,中等的
modifiziert,修正,modified,modifié,modificata,modificado,τροποποιημένος,модифицированный,ændret,修改的
möge,五月,may,peut,Maggio,mayo,ενδέχεται,май,kan,可能
mögen,好きに,to like,aimer,piacere,gustar,να αρεσει,нравится,at lide,喜欢
möglich,可能,possible,possible,possibile,posible,δυνατόν,возможный,muligt,可能的
Moment,一瞬,moment,moment,momento,momento,στιγμή,мгновенный,øjeblik,片刻
mont,モン,mont,mont,Mont,monte,όρνιθος,Монт,Mont,蒙特
multiplizierten,乗算,multiplied,multiplié,moltiplicato,multiplicado,πολλαπλασιασμένος,умножен,ganget,乘以
müssen,した方が良い,have to,devoir,dovere,tengo que,πρέπει,иметь,skal,必须
müßte,すべきだった,should have,avoir dû,avrebbe dovuto,debería tener,θα έπρεπε να,должен иметь,skulle have,应该有
nach,後,after,après,dopo,después,μετά,после,efter,后
nächsten,次,next,Suivant,prossimo,Siguiente,Επόμενο,следующий,Næste,下一个
näherte,近づいた,approached,approché,si avvicinò,abordado,προσεγγισμένος,приблизился,nærmede sig,接近
nämlich,すなわち,namely,à savoir,vale a dire,a saber,και συγκεκριμένα,а именно,nemlig,即
nämlichen,同じ,same,même,stesso,mismo,ίδιο,такой же,samme,相同的
Natur,自然,Nature,La nature,Natura,Naturaleza,Φύση,Природа,Natur,自然
natürlich,当然,naturally,naturellement,naturalmente,naturalmente,Φυσικά,естественно,naturligt,自然
neben,次,Next,Prochain,Prossimo,próximo,Επόμενο,Следующий,Næste,下一个
nehmen,取った,take,prendre,prendere,tomar,παίρνω,брать,tage,拿
nennen,名付ける,to name,nommer,per nominare,nombrar,ονομάζω,назвать,at navngive,命名
Newtonschen,ニュートニアン,Newtonian,Newtonien,Newtoniano,newtoniano,Νευρώνας,Ньютоновский,Newtonian,牛顿
nicht,いいえ,Not,Pas,Non,No,Δεν,Нет,Ikke,不是
nichts,何もない,Nothing,Rien,Niente,Nada,Τίποτα,Ничего такого,Ikke noget,没有什么
Nimmt,取る,Takes,Prendre des prises,Prende,Toma,Παίρνει,Принимает,Tager,带
niori,ニオリ,niori,Niori,niori,niori,νιόρια,Ниори,NIORI,Niori
noch,まだ,still,toujours,ancora,todavía,ακόμη,Все еще,Stadig,仍然
non,非,non,non,non,no,μη,не,ikke,非
not,必要,need,besoin,bisogno,necesitar,χρειάζομαι,необходимость,brug for,需要
notwendigen,必要,necessary,nécessaire,necessario,necesario,απαραίτητη,необходимый,nødvendig,必要的
Null,ゼロ,zero,zéro,zero,cero,μηδέν,нуль,nul,零
Nullpunkt,ゼロ,Zero,Zéro,Zero,Cero,Μηδέν,Нуль,Nul,零
nume,番号,number,Numéro,numero,número,αριθμός,количество,nummer,数字
Nun,それで,so,alors,Così,asi que,Έτσι,так,så,所以
nur,それだけ ,only ,seulement ,solo ,solamente ,μόνα,Только ,Kun,只要 
obachter,大工,carpenter,Charpentier,falegname,carpintero,ξυλουργός,плотник,tømrer,木匠
oben,その上,above,au dessus,sopra,arriba,πάνω από,выше,over,以上
Ober,アッパー,Upper,Plus haut,Superiore,Superior,Ανώτερος,Верхний,Øverst,上
Oberfläche,水面,surface,surface,superficie,superficie,επιφάνεια,поверхность,overflade,表面
obigen,その上,above,au dessus,sopra,arriba,πάνω από,выше,over,以上
Objekte,オブジェクト,Objects,Objets,Oggetti,Objetos,Αντικείμενα,Объекты,Genstande,对象
oder,また,or,ou,o,o,ή,или же,eller,或者
Offenbar,どうやら,Apparently,Apparemment,Apparentemente,Aparentemente,Προφανώς,По всей видимости,Tilsyneladende,显然
Ohne,それなし,Without,Sans pour autant,Senza,Sin que,Χωρίς,Без,Uden,没有
Operation,手術,surgery,opération,chirurgia,cirugía,χειρουργική επέμβαση,операция,kirurgi,手术
Opération,手術,Surgery,Opération,Chirurgia,Cirugía,Χειρουργική επέμβαση,Операция,Kirurgi,手术
Operationen,オペレーション,Operations,Opérations,Operazioni,Operaciones,Πράξεις,Операции,Operationer,操作
Optik,光学,optics,optique,ottica,óptica,οπτική,оптика,optik,光学
optischen,光学,optical,optique,ottico,óptico,οπτικός,оптический,optisk,光学的
or,また,or,ou,o,o,ή,или же,eller,或者
ordnet,アレンジ,arranged,organisé,organizzato,organizado,διατεταγμένα,согласованный,arrangeret,布置
Ordnung,注文,Order,Ordre,Ordine,Ordenar,Σειρά,Заказ,Bestille,命令
Ort,位置,location,emplacement,Posizione,ubicación,τοποθεσία,расположение,Beliggenhed,地点
Orte,場所,places,des endroits,posti,lugares,μέρη,места,steder,地方
Orten,場所,Place,Place,Posto,Lugar,Θέση,Место,Placere,地方
oszillierender,振動,oscillating,oscillant,oscillante,oscilante,ταλαντευόμενος,колеблюсь,svingende,振荡
over,以上,over,plus de,Sopra,sobre,πάνω από,над,over,超过
Paragraph,段落,paragraph,paragraphe,paragrafo,párrafo,παράγραφος,параграф,afsnit,段落
Parallel,平行,Parallel,Parallèle,Parallelo,Paralela,Παράλληλο,Параллель,Parallel,平行
parallelbewegten,平行,parallel,parallèle,parallelo,paralela,παράλληλο,параллель,parallel,平行
Parallelbewegung,平行な動き,Parallel movement,Mouvement parallèle,Movimento parallelo,Movimiento paralelo,Παράλληλη κίνηση,Параллельное движение,Parallel bevægelse,平行运动
Parallelogramm,平行四辺形,parallelogram,parallélogramme,parallelogramma,paralelogramo,παραλληλόγραμμο,параллелограмм,Parallelogram,平行四边形
Paralleltransformationen,平行変換,Parallel transformations,Transformations parallèles,Trasformazioni parallele,Transformaciones paralelas,Παράλληλοι μετασχηματισμοί,Параллельные преобразования,Parallelle transformationer,并行转换
Paralleltranslationsbewegung,平行翻訳ムーブメント,Parallel translating movement,Mouvement de traduction parallèle,Parallelo traduzione del movimento,Movimiento de traducción paralela,Παράλληλη μεταφράζοντας κίνηση,Параллельный перевод движения,Parallel oversættelse af bevægelse,平行翻译运动
pflegt,栄養,nourishes,nourrir,nutri,nutre,θρέφει,питает,nærer sig,滋养
Phänomen,現象,phenomenon,phénomène,fenomeno,fenómeno,φαινόμενο,явление,fænomen,现象
Phänomenen,現象,Phenomena,Phénomènes,Fenomeni,Fenómenos,Πρωτοφανής,Явления,Fænomener,现象
Physik,物理,physics,la physique,fisica,física,η φυσικη,физика,Fysik,物理
physikalisch,物理的に,physically,physiquement,fisicamente,físicamente,φυσικώς,физически,fysisk,身体上
Physikalische,物理的,Physical,Physique,Fisico,Físico,Φυσικός,Физический,Fysisk,身体的
physikalischen,物理的,physical,physique,fisico,físico,φυσικός,физический,fysisk,身体的
physikalischer,物理的,physical,physique,fisico,físico,φυσικός,физический,fysisk,身体的
polygonale,多角形,polygonal,polygonal,poligonale,poligonal,πολυγωνικός,полигональный,polygonal,多边形
polygonalen,多角形,polygonal,polygonal,poligonale,poligonal,πολυγωνικός,полигональный,polygonal,多边形
ponderabeln,熟考,ponder,réflechir,riflettere,reflexionar,ζυγίζω με το νουν,обдумывать,Ponder,思考
ponderable,熟考します,ponderable,pondérable,ponderabile,ponderable,ζυγιστός,размышляющий,overvejes,可容纳
ponderomotorischen,ポンデロモーター,ponderomotor,pondéromotrice,ponderomotor,ponderomotor,διαλογιστής,Пондеромотор,Ponderomotor,蓬松运动
positiv,ポジティブ,positive,positif,positivo,positivo,θετικός,положительный,positiv,积极的
Potential,潜在的な,potential,potentiel,potenziale,potencial,δυνητικός,потенциал,potentiel,潜在的
Potenzen,強力,Potencies,Puissances,Potenze,Potencias,Δυνάμεις,Потенции,Potencies,电力
poze,ポーズ,poze,faire pizer,Poze,poze,πύργος,Помея,Poze,poze
praktischeren,より実用的です,more practical,plus pratique,più pratico,mas practico,πιο πρακτικός,более практичным,mere praktisk,更实用
Präzi,沈殿します,Precipeate,Précipitation,Precipitato,Precipitar,Καθοδηγώ,Проса,Precipeat,沉淀
prin,プリン,prin,cruche,Prin,prin,εκρίνομαι,прин,prin,普林
Prinzip,原理,principle,principe,principio,principio,αρχή,принцип,princip,原则
Prinzipes,原理,Principle,Principe,Principio,Principio,Αρχή,Принцип,Princip,原则
Prinzipien,原則,Principles,Des principes,I principi,Principios,Αρχές,Принципы,Principper,原则
Prinzips,原理,Principle,Principe,Principio,Principio,Αρχή,Принцип,Princip,原则
pro,あたり,Per,Par,Per,Por,Ανά,Перемещение,Om,每
Problem,問題,problem,problème,problema,problema,πρόβλημα,проблема,problem,问题
Probleme,問題,Problems,Problèmes,I problemi,Problemas,Προβλήματα,Проблемы,Problemer,问题
Problemen,問題,Problems,Problèmes,I problemi,Problemas,Προβλήματα,Проблемы,Problemer,问题
Produkt,製品,product,produit,Prodotto,producto,προϊόν,товар,produkt,产品
Prozesse,プロセス,Processes,Processus,Processi,Procesos,Διαδικασίες,Процессы,Processer,过程
Prozessen,プロセス,Processes,Processus,Processi,Procesos,Διαδικασίες,Процессы,Processer,过程
Prüfung,テスト,test,test,test,prueba,δοκιμή,тест,prøve,测试
Punkt,点,Point,Indiquer,Punto,Punto,Σημείο,Точка,Punkt,观点
Punkte,ポイント,Points,Points,Punti,Puntos,Σημεία,Точки,Punkter,点
Punkten,スコア,Score,Score,Punto,Puntaje,Σκορ,Счет,Score,分数
Punktes,点,Point,Indiquer,Punto,Punto,Σημείο,Точка,Punkt,观点
punktförmige,ポイント - シェイプ,point -shaped,en forme de point,Punti a forma di,en forma de punto,Σημείο -σχηματισμένο,точка -форма,punkt -formet,点形
punktförmiger,ポイント - シェイプ,point -shaped,en forme de point,Punti a forma di,en forma de punto,Σημείο -σχηματισμένο,точка -форма,punkt -formet,点形
Radius,半径,radius,rayon,raggio,radio,ακτίνα κύκλου,радиус,radius,半径
rar,レア,rare,rare,raro,extraño,σπάνιος,редкий,sjælden,稀有的
rasch,急速,rapid,rapide,rapido,rápido,ταχύς,стремительный,hurtig,迅速的
Raum,スペース,Space,Espace,Spazio,Espacio,Χώρος,Пространство,Plads,空间
Raume,部屋,Room,Chambre,Camera,Habitación,Δωμάτιο,Номер,Værelse,房间
Raumes,部屋,Room,Chambre,Camera,Habitación,Δωμάτιο,Номер,Værelse,房间
Raumteil,部屋の一部,Part of the room,Partie de la pièce,Parte della stanza,Parte de la habitación,Μέρος του δωματίου,Часть комнаты,En del af rummet,房间的一部分
Rechnung,請求書,invoice,facture d'achat,fattura,factura,τιμολόγιο,счет,faktura,发票
rechten,右,right,droit,Giusto,Correcto,σωστά,Правильно,ret,正确的
Rede,スピーチ,speech,parole,discorso,discurso,ομιλία,речь,tale,演讲
reflektiert,反射,reflected,réfléchi,riflesso,reflejado,αντανακλασμένος,отражен,reflekteret,反映
reflektierte,反射,reflected,réfléchi,riflesso,reflejado,αντανακλασμένος,отражен,reflekteret,反映
Reflexion,反射,reflection,réflexion,riflessione,reflexión,αντανάκλαση,отражение,afspejling,反射
Regel,ルール,Rule,Régner,Regola,Regla,Κανόνας,Правило,Herske,规则
Reihe,行,Row,Ligne,Riga,Fila,Σειρά,Строка,Række,排
Relation,関係,relation,relation,relazione,relación,σχέση,связь,relation,关系
relativ,相対的,relative,relatif,parente,pariente,συγγενής,родственник,i forhold,相对的
Relativbewegung,相対的な動き,Relative movement,Mouvement relatif,Movimento relativo,Movimiento relativo,Σχετική κίνηση,Относительное движение,Relativ bevægelse,相对运动
Relativität,相対性理論,relativity,relativité,relatività,relatividad,σχετικότητα,относительность,relativitet,相对论
Relativitäts,関連性,Relativeness,Relativité,Relatività,Relatividad,Σχετικότητα,Относительность,Relativitet,相对性
Relativitätsprinzip,相対性理論の原則,Relativity principle,Principe de relativité,Principio di relatività,Principio de relatividad,Αρχή σχετικότητας,Принцип относительности,Relativitetsprincip,相对性原则
Resultat,結果,result,résultat,risultato,resultado,αποτέλεσμα,результат,resultat,结果
Resultate,結果,Results,Résultats,Risultati,Resultados,Αποτελέσματα,Полученные результаты,Resultater,结果
Resultaten,結果,Results,Résultats,Risultati,Resultados,Αποτελέσματα,Полученные результаты,Resultater,结果
Resultates,結果,Result,Résultat,Risultato,Resultado,Αποτέλεσμα,Результат,Resultat,结果
resultierende,結果,resulting,résultant,risultante,resultante,με αποτέλεσμα,в результате,resulterer,结果
resultiert,結果として,resulted,abouti,risultato,resultado,είχε ως αποτέλεσμα,в результате,resulterede,结果
Richtung,方向,Direction,Direction,Direzione,Dirección,Κατεύθυνση,Направление,Retning,方向
Richtungs,方向,Directional,Directionnel,Direzionale,Direccional,Κατευθυντήριος,Направленный,Retningsbestemt,方向
Richtungskosinus,方向性コサイン,Directional cosine,Cosin directionnel,Coseno direzionale,Coseno direccional,Κατευθυντικό συνημίτονο,Направленный косинус,Retningskosinus,方向余弦
rischen,リック,ric,ric,Ric,rico,καραμέλα,рик,Ric,Ric
Rolle,役割,role,rôle,ruolo,role,ρόλος,роль,rolle,角色
Rotationsellipsoides,回転 - ソリプソイド,Rotation -solipsoides,Rotation -solipoïdes,Rotazione -silipsoides,Rotación -solipsoides,Περιστροφή -Solipsoides,Вращение -Solipsoides,Rotation -Solipsoides,旋转-Solipsoides
ruben,ロッド,rod,canne à pêche,asta,varilla,ράβδος,стержень,Rod,竿
rubenden,スクラッチ,scratch,se gratter,graffiare,rascar,γρατσουνιά,царапать,kradse,刮
Rubt,ロッド,Rod,Canne à pêche,Asta,Varilla,Ράβδος,Стержень,Rod,杆
rücksichtigung,考慮,consideration,considération,considerazione,consideración,θεώρηση,рассмотрение,betragtning,考虑
Rücktransformieren,壊す,Break down,Panne,Guasto,Descomponer,Επαθε βλάβη,Авария,Sammenbrud,分解
Ruhe,静かな,Quiet,Calme,Silenzioso,Tranquilo,Ησυχια,Тихо,Rolige,安静的
ruhen,休み,rest,le repos,riposo,descansar,υπόλοιπο,отдыхать,hvile,休息
ruhend,休憩,resting,repos,riposare,de descanso,ανάπαυση,отдых,hviler,休息
ruhende,休憩,resting,repos,riposare,de descanso,ανάπαυση,отдых,hviler,休息
ruhendem,休憩,resting,repos,riposare,de descanso,ανάπαυση,отдых,hviler,休息
ruhenden,休憩,resting,repos,riposare,de descanso,ανάπαυση,отдых,hviler,休息
ruhender,睡眠状態,dormant,dormant,dormiente,latente,αδρανές,бездействующий,slumrende,休眠
ruhendes,休憩,resting,repos,riposare,de descanso,ανάπαυση,отдых,hviler,休息
Ruht,休む,Rests,Repos,Riposo,Reposo,Στηρίζεται,Отдых,Hviler,休息
sage,伝説,legend,Légende,leggenda,leyenda,θρύλος,легенда,legende,传奇
sagen,言う,to say,dire,dire,decir,να πω,сказать,at sige,说
samen,シード,seed,planter,seme,semilla,σπόρος,семя,frø,种子
samt,ベルベット,velvet,velours,velluto,terciopelo,βελούδο,бархат,fløjl,天鹅绒
Satz,文,Sentence,Phrase,Frase,Frase,Πρόταση,Приговор,Dømme,句子
Sätze,文,sentences,Phrases,frasi,oraciones,προτάσεις,фразы,sætninger,句子
schaffen,作成,create,créer,creare,crear,δημιουργώ,Создайте,skab,创造
scheinbar,一見,seemingly,apparemment,apparentemente,aparentemente,φαινομενικώς,по-видимому,tilsyneladende,似乎
scheinen,あるようです,seem to be,semble être,sembrano essere,parece ser,φαίνεται να είναι,кажется,ser ud til at være,似乎是
schen,男,man,homme,uomo,hombre,άνδρας,человек,mand,男人
schieden,離婚,divorce,divorcer,divorzio,divorcio,διαζύγιο,развод,skilsmisse,离婚
schiedener,違う,different,différent,diverso,diferente,διαφορετικός,другой,forskellige,不同的
schlechtweg,悪い,bad,mal,cattivo,malo,κακό,Плохо,Dårligt,坏的
schleunigungen,加速,accelerations,accélérations,accelerazioni,aceleraciones,επιταχύνσεις,ускорения,Accelerationer,加速度
schließt,閉じます,closes,se ferme,chiude,cierre,κλείνω,закрывается,lukker,关闭
Schlusse,最後の,Final,Final,Finale,Final,Τελικός,Финал,Endelig,最后
schnell,早く,quickly,rapidement,velocemente,rápidamente,γρήγορα,быстро,hurtigt,迅速地
schon,美しい,beautiful,belle,Bellissima,hermoso,πανεμορφη,красивая,smuk,美丽的
schreiben,書きます,write,écrivez,scrivere,escribe,γράφω,записывать,skrive,写
schrumpfen,縮む,shrink,rétrécir,restringersi,encogerse,μαζεύω,"сокращаться, сжиматься",krympe,收缩
Schwierigkeiten,困難,difficulties,des difficultés,le difficoltà,dificultades,δυσκολίες,трудности,vanskeligheder,困难
schwindigkeit,めまいが,dizzy,vertigineux,dare le vertigini,mareado,ζαλισμένος,головокружительный,svimmel,晕眩的
schwindigkeitsvektor,めまいベクター,dizzy vector,vecteur étourdi,vettoriale vertigini,vector mareado,ζαλισμένος διάνυσμα,Диззий вектор,Dizzy Vector,头晕矢量
sehen,見る,see,voir,vedere,ver,βλέπω,видеть,se,看
sehr,とても,very,très,molto,muy,πολύ,очень,meget,非常
sei,なれ,be,être,essere,ser,είναι,быть,være,是
Seien,なれ,Be,Être,Essere,Ser,Είναι,Быть,Være,是
sein,なれ,be,être,essere,ser,είναι,быть,være,是
seine,彼の,his,le sien,il suo,su,του,его,hans,他的
seinen,彼の,his,le sien,il suo,su,του,его,hans,他的
seiner,彼の,his,le sien,il suo,su,του,его,hans,他的
Seite,側,side,côté,lato,lado,πλευρά,сторона,side,边
Seiten,ページ,pages,pages,pagine,páginas,σελίδες,страницы,sider,页面
Sek,秒,Sec,Seconde,Sec,Segundo,Δευτερόλεπτο,Раздел,Sec,秒
Sekunde,2番目,second,deuxième,secondo,segundo,δεύτερος,второй,sekund,第二
senkrecht,垂直,perpendicular,perpendiculaire,perpendicolare,perpendicular,κάθετος,перпендикуляр,vinkelret,垂直
senkrechten,垂直,vertical,vertical,verticale,vertical,κατακόρυφος,вертикальный,lodret,垂直的
setze,設定,setting,paramètre,ambientazione,ajuste,σύνθεση,параметр,indstilling,环境
Setzen,置く,Put,Mettre,Mettere,Poner,Βάζω,Помещать,Sætte,放
Setzt,プット,Puts,Put,Mette,Pone,Βάζω,Путы,Sætter,推杆
sich,自体,itself,lui-même,si,sí mismo,εαυτό,сам,sig selv,本身
sichtig,見える,visible,visible,visibile,visible,ορατός,видимый,synlig,可见的
sie,あなた,you,tu,voi,tú,εσείς,ты,du,你
sieht,見ます,sees,voir,vede,visión,βλέπει,видит,ser,看到
sierung,回復,reinstatement,réintégration,reintegrazione,reinstalación,αποκατάσταση,восстановление,genindførelse,复职
sin,罪,sin,péché,peccato,pecado,αμαρτία,грех,synd,罪
Sind,は,Are,Sommes,Sono,Son,Είναι,Находятся,Er,是
Sinn,検出,sense,sens,senso,sentido,έννοια,смысл,følelse,感觉
Sinne,感覚,Senses,Sens,Sensi,Sentidos,Αισθάνεται,Чувства,Sanser,感官
sinnlos,無意味,meaningless,sans signification,senza senso,sin sentido,χωρίς νόημα,бессмысленный,meningsløs,无意义的
Sitz,シート,Seat,Siège,Posto a sedere,Asiento,Εδρα,Сиденье,Sæde,座位
sitze,座席,seats,des places,posti,asientos,καθίσματα,места,sæder,座位
so,それで,so,alors,Così,asi que,Έτσι,так,så,所以
sobald,出来るだけ早く,as soon as,dès que,non appena,Tan pronto como,μόλις,как только,Så snart,立刻
soeben,ただ,just,juste,Appena,sólo,μόλις,просто,lige,只是
sofern,提供された,provided,fourni,fornito,previsto,υπό την προϋπόθεση,при условии,stillet til rådighed,假如
sofort,すぐに,instantly,immédiatement,immediatamente,instantáneamente,στη στιγμή,немедленно,med det samme,即刻
solche,そのような,such,tel,tale,tal,τέτοιος,такой,sådan,这样的
soll,目標,target,cible,obbiettivo,objetivo,στόχος,цель,mål,目标
sollen,しなければならない,must,devoir,dovere,deber,πρέπει,должен,skal,必须
sondern,しかし,but,mais,ma,pero,αλλά,но,men,但
sonst,それ以外は,otherwise,Par ailleurs,altrimenti,de lo contrario,σε διαφορετική περίπτωση,в противном случае,Ellers,否则
sowie,そのような,such as,tel que,come,como,όπως,такие как,såsom,如
sowohl,また,either,Soit,o,o,είτε,либо,enten,任何一个
später,後で,later,plus tard,dopo,luego,αργότερα,потом,senere,之后
Spiegel,鏡,mirror,miroir,specchio,espejo,καθρέφτης,зеркало,spejl,镜子
spiegelnde,鏡,mirror,miroir,specchio,espejo,καθρέφτης,зеркало,spejl,镜子
Spiegels,鏡,Mirror,Miroir,Specchio,Espejo,Καθρέφτης,Зеркало,Spejl,镜子
spielt,演劇,plays,pièces,spettacoli teatrali,obras de teatro,παίζω,игры,spiller,播放
sprachlichen,言語,linguistic,linguistique,linguistico,lingüístico,γλωσσικός,лингвистический,sproglig,语言
sprechen,話す,speak,parler,parlare,hablar,μιλώ,говорить,tale,说话
sprung,跳躍,Leap,Saut,Salto,Salto,Πηδάω,Прыгнуть,Springe,飞跃
Stab,ロッド,Rod,Canne à pêche,Asta,Varilla,Ράβδος,Стержень,Rod,杆
Stabachse,stabachse,Stabachse,Stabachse,Stabachse,Pompa,Σταυροβόλος,Стабильный,Stabachse,Stabachse
Stabe,スタッフ,Staff,Personnel,Personale,Personal,Προσωπικό,Сотрудники,Personale,职员
Stabenden,ロッド,Rod,Canne à pêche,Asta,Varilla,Ράβδος,Стержень,Rod,杆
Stabes,スタッフ,Staff,Personnel,Personale,Personal,Προσωπικό,Сотрудники,Personale,职员
Stabesk,スタンパー,Stumper,Bâtonner,SUMPER,Stumper,Σκυλάκι,Штанги,Stumper,stumperper
stand,立っていました,was standing,était debout,stava in piedi,estaba de pie,στεκόταν,стоял,stod,正站着
Standpunkte,視点,Point of view,Point de vue,Punto di vista,Punto de vista,Αποψη,Точка зрения,Synspunkt,观点看法
stark,強い,strong,fort,forte,fuerte,ισχυρός,сильный,stærk,强的
stärker,より強く,stronger,plus forte,più forte,más fuerte,ισχυρότερη,сильнее,stærkere,更强
starre,剛性,rigid,rigide,rigido,rígido,άκαμπτος,жесткий,stiv,死板的
starren,見詰める,stare,regard,fissare,mirar fijamente,κοιτάζω,глазеть,stirre,盯
starrer,厳密さ,rigor,rigueur,rigore,rigor,αυστηρότητα,строгость,strenghed,严格
statieren,安定,steady,constant,costante,firme,σταθερά,устойчивый,stabil,稳定的
statt,それ以外の,instead of,à la place de,invece di,en vez de,αντί,вместо,i stedet for,代替
stattfinden,発生する,occur,se produire,verificarsi,ocurrir,συμβούν,происходить,forekomme,发生
stattfindende,開催されます,taking place,Prendre place,prendere posto,teniendo lugar,που λαμβάνουν χώρα,происходит,finder sted,发生
steckt,プラグ付き,plugged,branché,collegato,atascado,συνδεδεμένος,подключен,Tilsluttet,插入
Stelle,仕事,Job,Emploi,Lavoro,Trabajo,Δουλειά,Работа,Job,工作
Stellen,場所,Place,Place,Posto,Lugar,Θέση,Место,Placere,地方
Stellung,位置,position,position,posizione,posición,θέση,должность,position,位置
stens,stens,stens,secouer,stens,calma,στρώμα,стенг,stens,Stens
stetig,着実に,steadily,régulièrement,costantemente,continuamente,σταθερά,неуклонно,støt,稳步
stets,いつも,always,toujours,sempre,siempre,πάντα,всегда,altid,总是
stillschweigend,暗黙,tacit,tacite,tacito,tácito,σιωπηρός,молчаливый,Stiltiende,默认
stimmen,声,voices,voix,voci,voces,φωνές,голоса,stemmer,声音
strahl,ビーム,beam,rayonner,trave,haz,δέσμη,луч,bjælke,光束
Strahlung,放射線,radiation,radiation,radiazione,radiación,ακτινοβολία,излучение,stråling,辐射
Strahlungsdruckes,放射圧力,Radiation pressure,Pression de rayonnement,Pressione di radiazione,Presión de radiación,Πίεση ακτινοβολίας,Радиационное давление,Strålingstryk,辐射压力
streng,厳しい,strict,stricte,severa,estricto,αυστηρός,строгий,streng,严格的
Strom,電気,electricity,électricité,elettricità,electricidad,ηλεκτρική ενέργεια,электричество,elektricitet,电
Strome,ストリーム,Stream,Flux,Flusso,Corriente,Ρεύμα,Ручей,Strøm,溪流
Strömen,ストリーム,Stream,Flux,Flusso,Corriente,Ρεύμα,Ручей,Strøm,溪流
Stück,ピース,piece,pièce,pezzo,pieza,κομμάτι,кусок,stykke,片
stützen,サポート,support,Support,sostegno,apoyo,υποστήριξη,поддерживать,support,支持
stützt,サポート,support,Support,sostegno,apoyo,υποστήριξη,поддерживать,support,支持
suchen,探している,Looking for,À la recherche de,Cercando,Buscando,Ψάχνω,Находясь в поиске,Leder efter,寻找
Symbole,シンボル,Symbol,Symbole,Simbolo,Símbolo,Σύμβολο,Символ,Symbol,象征
Symmetrie,対称,symmetry,symétrie,simmetria,simetría,συμμετρία,симметрия,Symmetri,对称
Symmetriegründen,対称,Symmetry,Symétrie,Simmetria,Simetría,Συμμετρία,Симметрия,Symmetri,对称
symmetrischer,対称,symmetrical,symétrique,simmetrico,simétrico,συμμετρικός,симметричный,Symmetrisk,对称
synchron,同期,synchronous,synchrone,sincrono,sincrónico,σύγχρονος,синхронно,synkron,同步
synchronen,同期,synchronous,synchrone,sincrono,sincrónico,σύγχρονος,синхронно,synkron,同步
synchroner,同期,synchronous,synchrone,sincrono,sincrónico,σύγχρονος,синхронно,synkron,同步
Synchronismus,同期,Synchronism,Synchronisme,Sincronismo,Sincronismo,Συγχρονισμός,Синхронизм,Synkronisme,同步
System,システム,system,système,sistema,sistema,Σύστημα,система,system,系统
Systeme,システム,Systems,Systèmes,Sistemi,Sistemas,Συστήματα,Система,Systemer,系统
Systemen,システム,Systems,Systèmes,Sistemi,Sistemas,Συστήματα,Система,Systemer,系统
Systems,システム,System,Système,Sistema,Sistema,Σύστημα,Система,System,系统
Tat,やりました,did,a fait,fatto,hizo,συναφθεί,делал,gjorde,做过
Teil,部,Part,Partie,Parte,Parte,Μέρος,Часть,En del,部分
Teilchen,粒子,Particle,Particule,Particella,Partícula,Σωματίδιο,Частица,Partikel,粒子
Teile,部品,Parts,les pièces,Parti,Partes,Μέρη,Части,Dele,部分
Theorie,仮説,theory,la théorie,teoria,teoría,θεωρία,теория,teori,理论
Theorien,理論,Theories,Théories,Teorie,Teorías,Θεωρίες,Теории,Teorier,理论
tierenden,縫合,suture,suture,suturare,sutura,συρράπτω,шар,sutur,缝合
Tino,ティノ,Tino,Tinro,Tino,Tino,Κουτάβι,Тино,Tino,蒂诺
tischen,テーブル,tables,les tables,tavoli,mesas,τραπέζια,столы,Tabeller,表
tome,私に,tome,tome,per me,a mi,σε μένα,мне,til mig,对我来说
Tot,死,Dead,Morte,Morto,Muerto,Νεκρός,Мертвый,Død,死的
trachteten,保つ,sustain,soutenir,sostenere,sostener,υποστηρίζω,поддерживать,opretholde,支持
Trans,トランス,Trans,Trans,Trans,Trans,Τσίμπημα,Транс,Trans,反式
Transformation,変身,transformation,transformation,trasformazione,transformación,μεταμόρφωση,трансформация,transformation,转型
Transformationen,変換,Transformations,Transformations,Trasformazioni,Transformaciones,Μετασχηματισμοί,Преобразования,Transformationer,转型
Transformations,変身,Transformation,Transformation,Trasformazione,Transformación,Μεταμόρφωση,Трансформация,Transformation,转型
Transformationsgleichungen,変換方程式,Transformation equations,Équations de transformation,Equazioni di trasformazione,Ecuaciones de transformación,Εξισώσεις μετασχηματισμού,Уравнения преобразования,Transformationsligninger,转换方程
transformieren,変身,transform,transformer,trasformare,transformar,μεταμορφώνω,преобразование,Transform,转换
Transformiert,変換,Transformed,Transformé,Trasformato,Transformado,Μετασχηματισμένος,Трансформирован,Transformeret,转变
Translations,翻訳,Translations,Traductions,Traduzioni,Traducciones,Μεταφράσεις,Переводы,Oversættelser,翻译
Translationsbewegung,翻訳運動,Translation movement,Mouvement de traduction,Movimento di traduzione,Movimiento de traducción,Μετάφραση,Переводное движение,Oversættelsesbevægelse,翻译运动
Transversale,横方向,Transversal,Transversale,Trasversale,Transversal,Εγκάρσιος,Поперечный,Transversal,横向
transversalen,横方向,transversal,transversale,trasversale,transversal,εγκάρσιος,поперечный,Transversal,横向
treffenden,apt,apt,apte,Apt,apto,κατάλληλος,удачный,apt,易于
trennen,分ける,separate,séparé,separato,separado,ξεχωριστός,отдельный,adskille,分离
treu,忠実,faithful,fidèle,fedele,fiel,πιστός,верный,trofast,可信
trischen,トリック,tric,tric,tric,tric,τρικός,трика,Tric,三
tritt,キック,kick,donner un coup,calcio,patada,λάκτισμα,пинать,sparke,踢
Übelstand,悪の,Evil,Mauvais,Cattivo,Demonio,Κακό,Зло,Ond,邪恶的
Über,その上,Above,Au dessus,Sopra,Arriba,Πάνω από,Выше,Over,以上
überbrückt,ブリッジ,bridged,ponté,Bridged,puente,γεφυρωμένος,мосто,broede,桥接
übereinstimmen,合わせる,to match,correspondre,abbinare,para igualar,να ταιριάζει,в соответствии с,at matche,匹配
Übereinstimmung,に従って,accordance,conformité,accordo,conformidad,συμφωνία,соответствие,i overensstemmelse,按照
überflüssig,余分な,superfluous,superflu,superfluo,superfluo,περιττός,лишний,overflødig,多余
übergehen,合格,pass,passer,passaggio,pasar,πέρασμα,проходить,passere,经过
übergeht,変換,transforms,se transforme,trasformazioni,transformaciones,μεταμορφώ,преобразование,transformerer,变换
Überlegung,考慮,consideration,considération,considerazione,consideración,θεώρηση,рассмотрение,betragtning,考虑
Überlegungen,考慮事項,Considerations,Considérations,Considerazioni,Consideraciones,Σκέψεις,Соображения,Overvejelser,考虑因素
Überlicht,全体,Overall,Globalement,Complessivamente,General,Συνολικά,Общий,samlet set,全面的
Überlichtgeschwindigkeiten,オーバーホール速度,Overhaul speeds,Révision des vitesses,Velocità di revisione,Velocidad de revisión,Εναπόσπλωση ταχύτητας,Капитальный ремонт скорость,Undersøg hastigheder,大修速度
übersichtliche,クリア,clear,dégager,chiaro,claro,Σαφή,Чисто,klar,清除
überwunden,克服,overcome,surmonter,superare,superar,καταβάλλω,превосходить,overvinde,克服
übliche,いつもの,usual,habituel,solito,habitual,συνήθης,обычный,sædvanlig,通常
üblichen,いつもの,usual,habituel,solito,habitual,συνήθης,обычный,sædvanlig,通常
übrigens,ところで,by the way,d'ailleurs,a proposito,de paso,Παρεμπιπτόντως,кстати,i øvrigt,顺便一提
Ugg,ugg,Ugg,Ugg,Ugg,Ugg,Ugg,Угг,Ugg,UGG
Uhr,見る,watch,Regardez,guarda,reloj,παρακολουθώ,смотреть,kigge på,手表
Uhren,時計,Watch,Regardez,Guadare,Reloj,Παρακολουθώ,Смотреть,Kigge på,手表
Uhrzeigerstellung,時計仕掛け,Clockwork,Horloge,Orologio,Aparato de relojería,Μηχανισμός ωρολογιού,Часовой,Urværk,发条
Uhrzeigerstellungen,時計回りの位置,Clockwise positions,Positions dans le sens horaire,Posizioni in senso orario,Posiciones en sentido horario,Δεξιόστροφα θέσεις,По часовой стрелке позиции,Med uret,顺时针位置
um,その周り,around,autour de,intorno a,alrededor,περίπου,около,rundt om,大约
Umgebung,近傍,vicinity,environs,vicinanza,vecindad,γειτνίαση,окрестности,nærhed,附近
Umkehrung,逆転,reversal,renversement,inversione,inversión,αντιστροφή,разворот,vending,逆转
umschließt,囲まれた,surrounded,entouré,circondato,rodeado,περιτριγυρισμένος,окруженный,omgivet,包围
umschlossen,同封,enclosed,enfermé,chiuso,adjunto,περίφρακτος,прилагается,lukket,封闭
Umstande,状況,Circumstances,Conditions,Circostanze,Circunstancias,Περιστάσεις,Обстоятельства,Omstændigheder,情况
Umstandes,状況,Circumstance,Circonstance,Circostanza,Circunstancia,Περίσταση,Обстоятельство,Omstændighed,环境
un,国連,U.N,ONU,U.N,NACIONES UNIDAS,ΗΝΩΜΕΝΑ ΕΘΝΗ,ООН,U.N,联合国
unabhängig,独立して,independently,indépendamment,indipendentemente,independientemente,ανεξάρτητα,независимо,uafhængigt,独立
unbekannte,わからない,unknown,inconnue,sconosciuto,desconocido,άγνωστος,неизвестный,ukendt,未知
und,と,and,et,e,y,και,а также,og,和
une,une,une,incertain,une,une,ανή,ун,Une,UNE
unendlich,無限,infinite,infini,infinito,infinito,άπειρος,бесконечный,uendelig,无穷
Ungenauigkeit,不正確,inaccuracy,inexactitude,inesattezza,inexactitud,ανακρίβεια,неточность,unøjagtighed,不准确
universelle,ユニバーサル,universal,universel,universale,universal,Παγκόσμιος,универсальный,universel,普遍的
unmittelbar,すぐに,immediate,immédiat,immediato,inmediato,άμεσος,немедленный,umiddelbar,即时
unmittelbaren,直接,direct,direct,diretto,directo,απευθείας,непосредственный,direkte,直接的
uns,我ら,us,nous,noi,a nosotros,μας,нас,os,我们
unter,下,under,en dessous de,sotto,por debajo,υπό,под,under,在下面
Unterlichtgeschwindigkeit,サイドライン速度,Sideline speed,Vitesse de touche,Velocità laterale,Velocidad lateral,Ταχύτατα ταχύτητα,Боковая скорость,Sideliniehastighed,边线速度
unterscheiden,差別化します,differentiate,différencier,differenziare,diferenciar,διαφοροποιούν,дифференцировать,differentiere,区分
Unterscheidung,違い,Distinction,Distinction,Distinzione,Distinción,Διάκριση,Различие,Forskel,区别
untersuchen,調査,investigate,enquêter,indagare,investigar,ερευνώ,расследовать,undersøge,调查
unterworfene,主題,subject,matière,materia,tema,θέμα,предмет,emne,主题
unveränderlich,変更不可,unchangeable,non modifiable,immutabile,inmutable,αμετάβλητος,неизменная,uforanderlig,不可改变的
unverträgliche,非互換,incompatible,incompatible,incompatibile,incompatible,ασύμβατες,несовместимый,uforenelig,不相容
ursprung,元,origin,origine,origine,origen,προέλευση,источник,oprindelse,起源
Urteile,判断,Judgments,Jugements,Sentenze,Juicios,Αποφάσεις,Суждения,Domme,判断
Vektor,ベクター,vector,vecteur,vettore,vector,διάνυσμα,вектор,Vector,向量
Vektoren,ベクトル,Vectors,Vecteurs,Vettori,Vectores,Φορείς,Векторы,Vektorer,向量
Vektorprodukt,ベクトル製品,Vector product,Produit vectoriel,Prodotto vettoriale,Producto vectorial,Διανυσματικό προϊόν,Векторный продукт,Vektorprodukt,向量产品
ver,Ver,ver,ver,ver,a fondo,κηλιδώνω,версия,ver,ver
Veranlassung,扇動,instigation,instigation,istigazione,instigación,υποκίνηση,подстрекательство,ansættelse,煽动
Verbindung,繋がり,connection,lien,connessione,conexión,σύνδεση,связь,forbindelse,联系
Verbindungs,接続,Connecting,De liaison,Connessione,Conexión,Συνδετικός,Соединение,Tilslutning,连接
Verbindungslinie,ライン,Line,Ligne,Linea,Línea,Γραμμή,Линия,Linje,线
verdanke,借りている,owe,devoir,essere debitore,deber,οφείλω,быть должным,skylde,欠
verdankt,借りています,owed,dûment,dovuto,debido,οφείλονται,задолженно,skyldes,欠
vereinbar,互換性,compatible,compatibles,compatibile,compatible,σύμφωνος,совместимый,kompatibel,兼容的
verfahren,議事録,proceedings,procédure,procedimenti,actas,διαδικασία,разбирательство,Forløb,程序
vergleichen,比べる,to compare,comparer,per confrontare,comparar,να συγκρίνω,сравнивать,at sammenligne,比较
Vergleichung,比較,Comparison,Comparaison,Confronto,Comparación,Σύγκριση,Сравнение,Sammenligning,比较
Verhältnis,関係,relationship,relation,relazione,relación,σχέση,отношение,forhold,关系
verknüpfen,リンク,link,lien,collegamento,Enlace,Σύνδεσμος,ссылка на сайт,link,关联
verknüpfende,リンク,linked,lié,collegato,vinculado,συνδεδεμένος,связанный,Linket,链接
verkürzt,短縮,shortened,raccourci,abbreviato,acortado,συντομεύιος,сокращен,forkortet,缩短
verlangen,要求する,to demand,demander,chiedere,para demandar,απαιτώ,требовать,at kræve,要求
Verlaufe,コース,Course,Cours,Corso,Curso,Σειρά μαθημάτων,Курс,Rute,课程
Vermutung,仮定,Supposition,Supposition,Supposizione,Suposición,Υπόθεση,Предположение,Antag,假设
Vernachlässigung,忘れる,neglect,la négligence,trascurare,negligencia,παραμέληση,пренебрегать,forsømme,忽视
verschieden,違う,different,différent,diverso,diferente,διαφορετικός,другой,forskellige,不同的
verschwinden,消える,disappear,disparaître,scomparire,desaparecer,εξαφανίζομαι,пропадать,forsvinde,消失
zu versehen,提供する,to provide,fournir,fornire,Para proveer,να παρέχει,предоставлять,at forsyne,提供
verstanden,了解,Roger that,bien reçu,ricevuto,entendido,ελήφθη,заметано,modtaget,收到
verstehen,理解するために,to understand,comprendre,capire,comprender,να καταλαβεις,чтобы понять,at forstå,理解
versuchen,試行する,to attempt,tenter,tentare,intentar,να επιχειρήσει,попытаться,at forsøge,尝试
vertauschen,スワップ,swap,échanger,scambio,intercambio,ανταλαγή,менять,bytte rundt,交换
viele,たくさんの,many,de nombreux,molti,muchos,Πολλά,много,mange,许多
vielmehr,もっと,much more,beaucoup plus,molto di piu,mucho más,πολύ περισσότερο,намного больше,meget mere,多得多
vierter,第4,fourth,Quatrième,il quarto,cuatro,τέταρτος,четвертый,fjerde,第四
vollkommen,完全に,completely,totalement,completamente,completamente,εντελώς,полностью,fuldstændig,完全地
vollständig,完全に,Completely,Totalement,Completamente,Completamente,Εντελώς,Полностью,Fuldstændig,完全地
Volumen,音量,volume,le volume,volume,volumen,Ενταση ΗΧΟΥ,объем,bind,体积
Volumeneinheit,単位,Unit,Unité,Unità,Unidad,Μονάδα,Ед. изм,Enhed,单元
von,から,from,de,da,de,από,из,fra,从
voneinander,互いに,from each other,de chacun d'eux,l'uno dall'altro,de cada uno,ο ένας από τον άλλο,друг от друга,fra hinanden,彼此
vor,前,before,avant de,prima,antes de,πριν,до,Før,前
voraussetzen,推定,assume,présumer,assumere,asumir,υποθέτω,предполагать,antage,认为
Voraussetzung,前提条件,precondition,condition préalable,presupposto,condición previa,προϋπόθεση,предварительное условие,forudsætning,前提
vorhanden,現在,present,cadeau,regalo,presente,παρόν,подарок,til stede,当下
vorher,前,before,avant de,prima,antes de,πριν,до,Før,前
vorhin,ついさっき,earlier,plus tôt,prima,más temprano,νωρίτερα,ранее,Tidligere,较早
vorläufig,暫定的に,provisionally,provisoirement,provvisoriamente,provisionalmente,προσωρινά,временно,foreløbigt,临时
vorliegender,現在,present,cadeau,regalo,presente,παρόν,подарок,til stede,当下
Vorstellung,パフォーマンス,performance,performance,prestazione,actuación,εκτέλεση,производительность,ydeevne,表现
Vorzeichen,サイン,sign,pancarte,cartello,señal,σημάδι,знак,skilt,符号
wachsenden,成長,growing,croissance,in crescita,creciente,αναπτυσσόμενος,растущий,vokser,生长
wählen,選択する,Select,Sélectionner,Selezionare,Seleccione,Επιλέγω,Выбирать,Vælg,选择
wählt,選択します,chooses,choix,sceglie,elige,επιλέγω,выбирает,vælger,选择
während,その間,while,tandis que,mentre,tiempo,ενώ,пока,mens,尽管
wahrgenommene,知覚,perceived,perçu,percepito,percibido,γινεται αντιληπτο,воспринимается,opfattet,感知到
wandert,ハイキング,hiking,randonnée,escursionismo,senderismo,πεζοπορία,пеший туризм,vandreture,远足
wäre,します,would,aurait,voluto,haría,θα,бы,Ville,将
wärtig,勇気のある,courageous,courageux,coraggioso,valiente,θαρραλέος,смелый,modig,勇敢
was,何,What,Quoi,Che cosa,Qué,Τι,какая,Hvad,什么
Wechselwirkung,交流,interaction,interaction,interazione,Interacción,ΑΛΛΗΛΕΠΙΔΡΑΣΗ,взаимодействие,interaktion,相互作用
weder,ない,neither,ni,né,ninguno de los dos,κανενα απο τα δυο,ни один,ingen af ​​dem,两者都不
wegen,なぜなら,because,car,perché,porque,επειδή,потому что,fordi,因为
wegten,消えた,gone,disparu,andato,desaparecido,χαμένος,прошло,væk,走了
wegter,LANE,lane,voie,corsia,carril,λωρίδα,переулок,bane,车道
wegung,動き,movement,mouvement,movimento,movimienot,κίνηση,движение,bevægelse,移动
weise,賢い,wise,sage,saggio,sabio,σοφός,мудрый,klog,明智的
Weisen,点,Point,Indiquer,Punto,Punto,Σημείο,Точка,Punkt,观点
weit,遠い,far,loin,lontano,lejos,μακριά,далеко,langt,远的
weitere,さらに遠く,Further,Plus loin,Ulteriore,Más lejos,Περαιτέρω,Дальше,Yderligere,更远
welche,どれの,Which,Qui,Quale,Cual,Οι οποίες,Который,Hvilken,哪个
Welle,波,Wave,Vague,Onda,Ola,Κύμα,Волна,Bølge,海浪
Wellennormale,軸,Shaft,Arbre,Lancia,Eje,Αξονας,Вал,Aksel,轴
Wellennormalen,軸,Shaft,Arbre,Lancia,Eje,Αξονας,Вал,Aksel,轴
Wellenzug,波の行列,Wave procession,Procession des vagues,Processione d'onda,Procesión de ola,Πομπή κυμάτων,Волновая процессия,Bølgeprocession,波浪游行
wenden,振り向く,turn around,tourner autour,girarsi,Giro de vuelta,γυρίζω,повернись,Vend om,回转
wenn,もしも,if,si,Se,si,αν,если,hvis,如果
werden,意思,will,sera,volere,voluntad,θα,будут,vilje,将要
Wert,価値,value,évaluer,valore,valor,αξία,ценность,værdi,价值
werten,評価,evaluate,évaluer,valutare,evaluar,αξιολογώ,оценивать,vurdere,评估
Wertsystem,価値システム,Value system,Système de valeurs,Sistema di valore,Sistema de valores,Σύστημα αξιολόγησης,Система ценностей,Værdisystem,价值系统
Wertung,評価,Rating,Évaluation,Valutazione,Clasificación,Εκτίμηση,Рейтинг,Bedømmelse,评分
wertvolle,貴重,valuable,de valeur,prezioso,valioso,πολύτιμος,ценный,værdifuld,有价值的
wesentlich,重要,significant,important,significativo,importante,σημαντικός,значительный,væsentlig,重要的
wichtig,重要,important,important,importante,importante,σπουδαίος,важный,vigtig,重要的
wickeln,包む,wrap,envelopper,avvolgere,envolver,κάλυμμα,сворачивать,Wrap,裹
widerspruchsfreien,非矛盾,non -contradictions,non-contradictions,non contraddizioni,no contradicciones,μη αντιπαραθέσεις,Не -Контрадические действия,ikke -kontroversikkerheder,非偶然性
widerspruchsfreier,非矛盾,non -contradictions,non-contradictions,non contraddizioni,no contradicciones,μη αντιπαραθέσεις,Не -Контрадические действия,ikke -kontroversikkerheder,非偶然性
wie,どうやって,how,comment,come,cómo,πως,как,hvordan,如何
wieder,また,again,encore,ancora,otra vez,πάλι,опять таки,igen,再次
Wiese,牧草地,Meadow,Prairie,Prato,Prado,Λιβάδι,Луг,Eng,草地
Winkel,角度,angle,angle,angolo,ángulo,γωνία,угол,vinkel,角度
wir,私たち,we,nous,noi,nosotros,εμείς,мы,vi,我们
wird,なります,becomes,devient,diventa,convertirse en,γίνεται,становится,bliver til,变成
zu wirken,行動する,to act,agir,recitare,actuar,να ενεργήσω,играть,at handle,行动
Wirkung,効果,Effect,Effet,Effetto,Efecto,Αποτέλεσμα,Эффект,Effekt,影响
wissen,知るために,to know,à savoir,sapere,saber,να ξερω,знать,at vide,知道
wo,どこ,Where,Où,Dove,Dónde,Οπου,Где,Hvor,在哪里
wobei,したがって,whereby,par lequel,per cui,por lo cual,διά του οποίου,Посредством чего,hvorved,那里
wohl,おそらく,probably,Probablement,probabilmente,probablemente,πιθανώς,вероятно,sandsynligvis,大概
wollen,欲しいです,want,vouloir,volere,desear,θέλω,хочу,vil have,想
woraus,そこから,from which,à partir duquel,da cui,a partir del cual,από την οποία,из которого,hvorfra,从中
worden,消えた,gone,disparu,andato,desaparecido,χαμένος,прошло,væk,走了
Wort,語,Word,Mot,Parola,Palabra,Λέξη,Слово,Ord,单词
Würde,します,Would,Aurait,Voluto,haría,Θα,Бы,Ville,将
Wurzel,根,root,racine,radice,raíz,ρίζα,корень,rod,根
Zahlen,カウント,Counting,Compte,Conteggio,Contando,Αρίθμηση,Считает,Tælling,数数
Zeichen,サイン,sign,pancarte,cartello,señal,σημάδι,знак,skilt,符号
Zeichenwechsel,サインの変更,Change of sign,Changement de signe,Cambio di segno,Cambio de signo,Μεταβολή του σημείου,Смена знака,Ændring af tegn,更改标志
zeigen,実証します,demonstrate,démontrer,dimostrare,demostrar,επιδεικνύω,продемонстрировать,demonstrere,证明
Zeiger,ポインター,pointer,aiguille,Pointer,puntero,δείκτης,указатель,markør,指针
Zeigerstellung,ポインター,Pointer,Aiguille,Pointer,Puntero,Δείκτης,Указатель,Markør,指针
zeigen,実証します,demonstrate,démontrer,dimostrare,demostrar,επιδεικνύω,продемонстрировать,demonstrere,证明
Zeit,時間,time,temps,volta,tiempo,χρόνος,время,tid,时间
Zeitbestimmung,時間決定,Time determination,Détermination du temps,Determinazione del tempo,Determinación de tiempo,Καθορισμός χρόνου,Определение времени,Tidsbestemmelse,时间确定
Zeitdauer,間隔,Duration,Durée,Durata,Duración,Διάρκεια,Продолжительность,Varighed,期间
Zeiteinheit,単位,Unit,Unité,Unità,Unidad,Μονάδα,Ед. изм,Enhed,单元
Zeitepoch,ピーク,Peak,De pointe,Picco,Cima,Κορυφή,Вершина горы,Spids,顶峰
zeitig,やがて,in time,à l'heure,in tempo,a tiempo,εγκαίρως,во время,i tide,及时
zeitlich,一時的,temporary,temporaire,temporaneo,temporario,προσωρινός,временный,midlertidig,暂时的
Zeits,強制,Forced,Forcé,Costretto,Forzado,Αναγκασμένος,Принужденный,Tvunget,强迫
Zeitteilchen,団子,Dumpling,Boulette,Dumpling,Bola de masa hervida,Είδος ζυμαρικών,Пельмени,Dumpling,饺子
Zeittransformation,時間変換,Time transformation,Transformation du temps,Trasformazione del tempo,Transformación de tiempo,Μετασχηματισμός χρόνου,Время трансформация,Tidstransformation,时间转换
Zeugnis,転写産物,Transcript,Transcription,Trascrizione,Transcripción,Αντίγραφο,Транскрипт,Transkription,成绩单
zu,に,to,à,a,a,προς την,к,til,至
zueinander,お互いに,to each other,les uns des autres,a vicenda,el uno al otro,ο ένας στον άλλον,друг другу,til hinanden,对彼此
zuerst,最初,first,première,primo,primero,πρώτα,первый,først,第一的
zufassen,理解するために,to understand,comprendre,capire,comprender,να καταλαβεις,чтобы понять,at forstå,理解
zufolge,によると,according to,selon,secondo,de acuerdo a,σύμφωνα με,согласно с,ifølge,根据
zufügen,追加,add,ajouter,Inserisci,agregar,Προσθήκη,добавлять,tilføje,添加
zugänglich,アクセス可能,accessible,accessible,accessibile,accesible,προσιτός,доступный,tilgængelig,无障碍
Zugehörigkeit,所属,Affiliation,Affiliation,Affiliazione,Afiliación,Δεσμός,Принадлежность,tilknytning,联系
zuordnen,割当,assign,attribuer,assegnare,asignar,αναθέτω,назначать,tildele,分配
Zug,訓練,train,former,treno,tren,τρένο,тренироваться,tog,火车
zugleich,同時に,simultaneously,simultanément,contemporaneamente,simultaneamente,ΤΑΥΤΟΧΡΟΝΑ,одновременно,samtidigt,同时
Zugrundelegung,根底にある,Underlying,Sous-jacent,Sottostante,Subyacente,Υποκείμενες,В основе,Underliggende,潜在的
Zuhilfenahme,援助,Aid,Aide,Aiuto,Ayuda,Βοήθεια,Помогать,Hjælpe,援助
zukommen,得る,get,obtenir,ottenere,obtener,παίρνω,получить,få,得到
zum,に,to the,au,al,hacia,στο,в,til,到
zunächst,最初,first,première,primo,primero,πρώτα,первый,først,第一的
Zuordnung,割り当て,Assignment,Mission,Incarico,Asignación,ΑΝΑΘΕΣΗ ΕΡΓΑΣΙΑΣ,Назначение,Opgave,任务
zur,に,to the,au,al,hacia,στο,в,til,到
zurück,戻る,return,revenir,Restituzione,devolver,ΕΠΙΣΤΡΟΦΗ,возвращаться,Vend tilbage,返回
zurückbleiben,後ろにとどまる,stay behind,rester en arrière,stai dietro,quedarse atrás,Μείνε πίσω,остаться позади,Bliv bag,站在后面
zurückführen,トレースバック,trace back,remonter,rintracciare,rastrear,ανατρέχω,проследить,spore tilbage,追溯
zurückkommen,戻ってくる,Come back,Revenir,Ritorno,Regresar,Ελα πισω,Вернись,Kom tilbage,回来
zusammen,一緒,together,ensemble,insieme,juntos,μαζί,вместе,sammen,一起
zusammenfallen,崩壊,collapse,effondrement,crollo,colapsar,κατάρρευση,крах,bryder sammen,坍塌
zusammensetzen,まとめる,put together,mettre ensemble,mettere insieme,juntar,βάζω μαζί,собрать вместе,lægge sammen,放在一起
Zusammensetzung,構成,composition,composition,composizione,composición,σύνθεση,сочинение,sammensætning,作品
Zustand,調子,Condition,Condition,Condizione,Condición,Κατάσταση,Условие,Tilstand,健康）状况
zufügen,追加,add,ajouter,Inserisci,agregar,Προσθήκη,добавлять,tilføje,添加
zwar,あれは,that is,C'est,questo è,eso es,αυτό είναι,то есть,det er,那是
Zweck,目的,purpose,objectif,scopo,objetivo,σκοπός,цель,formål,目的
zwei,2,two,deux,Due,dos,δύο,два,to,二
zweimalige,2つの時間,two -time,deux fois,Due volte,dos veces,δύο φορές,два -время,to gange,两个时间
zweiten,2番目,second,deuxième,secondo,segundo,δεύτερος,второй,sekund,第二
zwischen,その間に,in between,entre,nel mezzo,entre,ανάμεσα,между,ind i mellem,介于两者之间